/*
 Navicat Premium Data Transfer

 Source Server         : postgresql
 Source Server Type    : PostgreSQL
 Source Server Version : 90609
 Source Host           : localhost:5432
 Source Catalog        : db_ccb
 Source Schema         : public

 Target Server Type    : PostgreSQL
 Target Server Version : 90609
 File Encoding         : 65001

 Date: 13/12/2018 21:08:54
*/


-- ----------------------------
-- Table structure for t_app
-- ----------------------------
DROP TABLE IF EXISTS "public"."t_app";
CREATE TABLE "public"."t_app" (
  "id" varchar(32) COLLATE "pg_catalog"."default" NOT NULL,
  "secret" varchar(32) COLLATE "pg_catalog"."default",
  "name" varchar(32) COLLATE "pg_catalog"."default",
  "organization_id" varchar(32) COLLATE "pg_catalog"."default"
)
;
COMMENT ON COLUMN "public"."t_app"."id" IS 'app_id';
COMMENT ON COLUMN "public"."t_app"."secret" IS '密钥';
COMMENT ON COLUMN "public"."t_app"."name" IS '应用名';
COMMENT ON COLUMN "public"."t_app"."organization_id" IS '组织ID';
COMMENT ON TABLE "public"."t_app" IS '实体对象
应用';

-- ----------------------------
-- Records of t_app
-- ----------------------------
INSERT INTO "public"."t_app" VALUES ('8A6153F233854B5E8CF68C5AFBF6C49D', '71d246d88eda4c20866c8fc6ec67b08d', '记账管家', 'F05BD2AB178443A6B3478399FADA28F6');
INSERT INTO "public"."t_app" VALUES ('EF3D42230C84410A8155E8DEC660984F', '9d09b87be01d4a18a6f3668086bf4c80', '发俄文法文', 'F05BD2AB178443A6B3478399FADA28F6');
INSERT INTO "public"."t_app" VALUES ('71CA5FFC340D4DC4BA93A16578DF54D5', '72fabdc1b2c24af98261ab633558e72d', '活法儿', 'F05BD2AB178443A6B3478399FADA28F6');
INSERT INTO "public"."t_app" VALUES ('D499FEA1DDE84011B994498ED6AB3159', '4466267e4e11476b8a11f8de1d68f9e0', '发俄文法文发', 'F05BD2AB178443A6B3478399FADA28F6');
INSERT INTO "public"."t_app" VALUES ('E8DA9DE011064159B8969599DBD3B828', '7a118a02b93c4aea92c2baf97f274441', '啊发哇而无法', 'F05BD2AB178443A6B3478399FADA28F6');
INSERT INTO "public"."t_app" VALUES ('3CDBBD081A2E47DB82741B70595A97C0', '27ea04c07943453a9b266a1921b13ffb', '啊哥哥', 'F05BD2AB178443A6B3478399FADA28F6');

-- ----------------------------
-- Table structure for t_app_attr
-- ----------------------------
DROP TABLE IF EXISTS "public"."t_app_attr";
CREATE TABLE "public"."t_app_attr" (
  "app_id" varchar(32) COLLATE "pg_catalog"."default",
  "name" varchar(32) COLLATE "pg_catalog"."default",
  "type" varchar(32) COLLATE "pg_catalog"."default",
  "required" bool,
  "default_value" varchar(32) COLLATE "pg_catalog"."default",
  "sort" int2
)
;
COMMENT ON TABLE "public"."t_app_attr" IS '值对象
应用属性';

-- ----------------------------
-- Records of t_app_attr
-- ----------------------------
INSERT INTO "public"."t_app_attr" VALUES ('8A6153F233854B5E8CF68C5AFBF6C49D', 'icon', 'String', 'f', '', 1);
INSERT INTO "public"."t_app_attr" VALUES ('8A6153F233854B5E8CF68C5AFBF6C49D', 'age', 'Integer', 'f', '', 1);
INSERT INTO "public"."t_app_attr" VALUES ('8A6153F233854B5E8CF68C5AFBF6C49D', 'sex', 'String', 'f', 'UNKNOWN', 1);
INSERT INTO "public"."t_app_attr" VALUES ('8A6153F233854B5E8CF68C5AFBF6C49D', 'nickName', 'String', 'f', '', 1);
INSERT INTO "public"."t_app_attr" VALUES ('1906A9065D1F45C091A883A1990FCE9A', 'sex', 'String', 'f', 'UNKNOWN', 1);
INSERT INTO "public"."t_app_attr" VALUES ('1906A9065D1F45C091A883A1990FCE9A', 'age', 'Integer', 'f', '', 1);
INSERT INTO "public"."t_app_attr" VALUES ('1906A9065D1F45C091A883A1990FCE9A', 'icon', 'String', 'f', '', 1);
INSERT INTO "public"."t_app_attr" VALUES ('1906A9065D1F45C091A883A1990FCE9A', 'nickName', 'String', 'f', '', 1);
INSERT INTO "public"."t_app_attr" VALUES ('A7A1198AA34F48E5BA0BAE8AC7F579D9', 'nickName', 'String', 'f', '', 1);
INSERT INTO "public"."t_app_attr" VALUES ('A7A1198AA34F48E5BA0BAE8AC7F579D9', 'sex', 'String', 'f', 'UNKNOWN', 1);
INSERT INTO "public"."t_app_attr" VALUES ('A7A1198AA34F48E5BA0BAE8AC7F579D9', 'age', 'Integer', 'f', '', 1);
INSERT INTO "public"."t_app_attr" VALUES ('A7A1198AA34F48E5BA0BAE8AC7F579D9', 'icon', 'String', 'f', '', 1);

-- ----------------------------
-- Table structure for t_binding_phone_history
-- ----------------------------
DROP TABLE IF EXISTS "public"."t_binding_phone_history";
CREATE TABLE "public"."t_binding_phone_history" (
  "people_id" varchar(32) COLLATE "pg_catalog"."default",
  "phone" varchar(11) COLLATE "pg_catalog"."default",
  "create_time" timestamp(6),
  "binding_type" varchar(11) COLLATE "pg_catalog"."default"
)
;
COMMENT ON COLUMN "public"."t_binding_phone_history"."binding_type" IS 'BINDING,
UNBINDING';
COMMENT ON TABLE "public"."t_binding_phone_history" IS '值对象
绑定手机号记录';

-- ----------------------------
-- Records of t_binding_phone_history
-- ----------------------------
INSERT INTO "public"."t_binding_phone_history" VALUES ('4B524870E4134BB3B199BE2929E9EC9A', '13800001111', '2018-11-21 10:06:30.326', 'BINDING');
INSERT INTO "public"."t_binding_phone_history" VALUES ('D3FE8509E0D14C2D9F89EABB039150FB', '13000000202', '2018-12-13 11:07:09.173', 'BINDING');
INSERT INTO "public"."t_binding_phone_history" VALUES ('1D44974C23554E819FE28FA2F4298277', '13000000201', '2018-12-13 11:07:09.483', 'BINDING');
INSERT INTO "public"."t_binding_phone_history" VALUES ('186823858CF84454AA17FC08D5949374', '13000000200', '2018-12-13 11:07:09.503', 'BINDING');
INSERT INTO "public"."t_binding_phone_history" VALUES ('F7404BB849BF48BCBA1A4A64B8623847', '13000000199', '2018-12-13 11:07:09.525', 'BINDING');
INSERT INTO "public"."t_binding_phone_history" VALUES ('400F54C985A74AF4944848640BC1A355', '13000000198', '2018-12-13 11:07:09.546', 'BINDING');
INSERT INTO "public"."t_binding_phone_history" VALUES ('717AD04B52074493B98055320501AA3C', '13000000197', '2018-12-13 11:07:09.57', 'BINDING');
INSERT INTO "public"."t_binding_phone_history" VALUES ('47101A959513448D92AF0A372F4664B8', '13000000196', '2018-12-13 11:07:09.587', 'BINDING');
INSERT INTO "public"."t_binding_phone_history" VALUES ('7B60F1F835D94423BD4C695B5F4A8284', '13000000195', '2018-12-13 11:07:09.602', 'BINDING');
INSERT INTO "public"."t_binding_phone_history" VALUES ('122F7C6824E2411F82C0AD6E1F478E0F', '13000000194', '2018-12-13 11:07:09.62', 'BINDING');
INSERT INTO "public"."t_binding_phone_history" VALUES ('E8A62DE6A232426EB8578DF51CE9403C', '13000000193', '2018-12-13 11:07:09.63', 'BINDING');
INSERT INTO "public"."t_binding_phone_history" VALUES ('603D010E40834928AB49FD5FF34F6162', '13000000192', '2018-12-13 11:07:09.641', 'BINDING');
INSERT INTO "public"."t_binding_phone_history" VALUES ('F777E1CD08024AB0853CFBD944044623', '13000000191', '2018-12-13 11:07:09.649', 'BINDING');
INSERT INTO "public"."t_binding_phone_history" VALUES ('F4983C5109514F0DA824CEF0C94EDF2C', '13000000190', '2018-12-13 11:07:09.658', 'BINDING');
INSERT INTO "public"."t_binding_phone_history" VALUES ('3480855D8FDD4D169EE28292394B0D59', '13000000189', '2018-12-13 11:07:09.667', 'BINDING');
INSERT INTO "public"."t_binding_phone_history" VALUES ('2433EBC69CF448FF85C65B53220044CB', '13000000188', '2018-12-13 11:07:09.677', 'BINDING');
INSERT INTO "public"."t_binding_phone_history" VALUES ('FDA72C7042B24AEA9625FD0D839040CE', '13000000187', '2018-12-13 11:07:09.69', 'BINDING');
INSERT INTO "public"."t_binding_phone_history" VALUES ('F946AEDEE89542469BB22B0424E71EDF', '13000000186', '2018-12-13 11:07:09.711', 'BINDING');
INSERT INTO "public"."t_binding_phone_history" VALUES ('F329CFC4564D477DB5C8B1217505D632', '13000000185', '2018-12-13 11:07:09.727', 'BINDING');
INSERT INTO "public"."t_binding_phone_history" VALUES ('D16115FCDD6245E6A40665AF8D20F425', '13000000184', '2018-12-13 11:07:09.742', 'BINDING');
INSERT INTO "public"."t_binding_phone_history" VALUES ('6D22472F80F742FD890E3F12A104ED7B', '13000000183', '2018-12-13 11:07:09.756', 'BINDING');
INSERT INTO "public"."t_binding_phone_history" VALUES ('738283152C0045EE8C01EA5DB5CD6679', '13000000182', '2018-12-13 11:07:09.768', 'BINDING');
INSERT INTO "public"."t_binding_phone_history" VALUES ('E99CC922127E41449BB7F4B1D6ADBFAA', '13000000181', '2018-12-13 11:07:09.779', 'BINDING');
INSERT INTO "public"."t_binding_phone_history" VALUES ('419B9184AC034113B4991CA037E420E5', '13000000180', '2018-12-13 11:07:09.79', 'BINDING');
INSERT INTO "public"."t_binding_phone_history" VALUES ('9728BD0D203D4D5C92B5671F450D1B94', '13000000179', '2018-12-13 11:07:09.801', 'BINDING');
INSERT INTO "public"."t_binding_phone_history" VALUES ('5C64ACDF86054887A9425DAFCA85E76A', '13000000178', '2018-12-13 11:07:09.811', 'BINDING');
INSERT INTO "public"."t_binding_phone_history" VALUES ('E1363F8EA2E34C17A7FC80F23BE35BC4', '13000000177', '2018-12-13 11:07:09.821', 'BINDING');
INSERT INTO "public"."t_binding_phone_history" VALUES ('00EF3B8F73A34D6086784FDC27E62553', '13000000176', '2018-12-13 11:07:09.833', 'BINDING');
INSERT INTO "public"."t_binding_phone_history" VALUES ('91336088C63C4DFCA41BDF04A8A87822', '13000000175', '2018-12-13 11:07:09.847', 'BINDING');
INSERT INTO "public"."t_binding_phone_history" VALUES ('1AE34FF85D8C47E89A1CA67729B5D84E', '13000000174', '2018-12-13 11:07:09.855', 'BINDING');
INSERT INTO "public"."t_binding_phone_history" VALUES ('6E2C3EF15B50403ABE5E0F19BD18C6BB', '13000000173', '2018-12-13 11:07:09.864', 'BINDING');
INSERT INTO "public"."t_binding_phone_history" VALUES ('01AF6AB74C664D328D4D374BAED39F22', '13000000172', '2018-12-13 11:07:09.875', 'BINDING');
INSERT INTO "public"."t_binding_phone_history" VALUES ('5CCECEEC50CF446B9BD83D125BDDE8C8', '13000000171', '2018-12-13 11:07:09.885', 'BINDING');
INSERT INTO "public"."t_binding_phone_history" VALUES ('E08588EA43444E65A423A35D2723A2CC', '13000000170', '2018-12-13 11:07:09.895', 'BINDING');
INSERT INTO "public"."t_binding_phone_history" VALUES ('429F38625CA342398AB28E5EBEC6CE77', '13000000169', '2018-12-13 11:07:09.904', 'BINDING');
INSERT INTO "public"."t_binding_phone_history" VALUES ('063E94DF9FAD4112BDBAF10E53664623', '13000000168', '2018-12-13 11:07:09.911', 'BINDING');
INSERT INTO "public"."t_binding_phone_history" VALUES ('B81F04B0DE37438C9249287C5935B5DC', '13000000167', '2018-12-13 11:07:09.922', 'BINDING');
INSERT INTO "public"."t_binding_phone_history" VALUES ('15C0B9EF8C3F40EAA1B127116AB7F954', '13000000166', '2018-12-13 11:07:09.935', 'BINDING');
INSERT INTO "public"."t_binding_phone_history" VALUES ('5DCA655E4C0643ABA71CA150EDE387B4', '13000000165', '2018-12-13 11:07:09.946', 'BINDING');
INSERT INTO "public"."t_binding_phone_history" VALUES ('CF4CD529281E4E77A3B1EF1836D73863', '13000000164', '2018-12-13 11:07:09.96', 'BINDING');
INSERT INTO "public"."t_binding_phone_history" VALUES ('1B63EFFBA1E94E47888EDD93F10D19B2', '13000000163', '2018-12-13 11:07:09.972', 'BINDING');
INSERT INTO "public"."t_binding_phone_history" VALUES ('2098AC5D8CAE4803803A9A1589D8938B', '13000000162', '2018-12-13 11:07:09.983', 'BINDING');
INSERT INTO "public"."t_binding_phone_history" VALUES ('EF09888F7B9E4008897A35EFE26098B6', '13000000161', '2018-12-13 11:07:09.991', 'BINDING');
INSERT INTO "public"."t_binding_phone_history" VALUES ('4A33BB668ADB4444BCBC054A69967CBE', '13000000160', '2018-12-13 11:07:09.998', 'BINDING');
INSERT INTO "public"."t_binding_phone_history" VALUES ('479F12E95C274B38AA53DB8EBD6E98A9', '13000000159', '2018-12-13 11:07:10.007', 'BINDING');
INSERT INTO "public"."t_binding_phone_history" VALUES ('87BC67F12B044392A9398B0714A7809C', '13000000158', '2018-12-13 11:07:10.017', 'BINDING');
INSERT INTO "public"."t_binding_phone_history" VALUES ('3C4A6CC331CE4C2E82C70858C685F1D7', '13000000157', '2018-12-13 11:07:10.026', 'BINDING');
INSERT INTO "public"."t_binding_phone_history" VALUES ('C0B3B891D838450E98DEB845187EFE88', '13000000156', '2018-12-13 11:07:10.034', 'BINDING');
INSERT INTO "public"."t_binding_phone_history" VALUES ('F1095F6B67284F0694B8A2F7F2EFFF0B', '13000000155', '2018-12-13 11:07:10.043', 'BINDING');
INSERT INTO "public"."t_binding_phone_history" VALUES ('B9C51878F52E4D18A6E7D51BA5C7BEBA', '13000000154', '2018-12-13 11:07:10.053', 'BINDING');
INSERT INTO "public"."t_binding_phone_history" VALUES ('D6971E20ECEE4A51A3275E091E686D7A', '13000000153', '2018-12-13 11:07:10.063', 'BINDING');
INSERT INTO "public"."t_binding_phone_history" VALUES ('2E44A0A590BA4F1D9AE41A1C97F9D92F', '13000000152', '2018-12-13 11:07:10.071', 'BINDING');
INSERT INTO "public"."t_binding_phone_history" VALUES ('728C7AF55EA744A7943E55BCAF6358FB', '13000000151', '2018-12-13 11:07:10.082', 'BINDING');
INSERT INTO "public"."t_binding_phone_history" VALUES ('D23C8CBBB494435EAB190BE32F71EE49', '13000000150', '2018-12-13 11:07:10.095', 'BINDING');
INSERT INTO "public"."t_binding_phone_history" VALUES ('7BDE812EA4224DF09E93B9642FDBEAE8', '13000000149', '2018-12-13 11:07:10.116', 'BINDING');
INSERT INTO "public"."t_binding_phone_history" VALUES ('483A0F34FCDA4B4F90073FE035300B6B', '13000000148', '2018-12-13 11:07:10.145', 'BINDING');
INSERT INTO "public"."t_binding_phone_history" VALUES ('96CDBE4B003443FEB6E9148B6E0F839F', '13000000147', '2018-12-13 11:07:10.177', 'BINDING');
INSERT INTO "public"."t_binding_phone_history" VALUES ('6E60422B3CBA4BC8B2FB05008DC16D6F', '13000000146', '2018-12-13 11:07:10.212', 'BINDING');
INSERT INTO "public"."t_binding_phone_history" VALUES ('80DA40540CD1458DA3338077FF45AE18', '13000000145', '2018-12-13 11:07:10.246', 'BINDING');
INSERT INTO "public"."t_binding_phone_history" VALUES ('C64EBAF6F32B4E44992F420BBC440A1F', '13000000144', '2018-12-13 11:07:10.273', 'BINDING');
INSERT INTO "public"."t_binding_phone_history" VALUES ('E19F85A2138144F98FDD71DD872664AF', '13000000143', '2018-12-13 11:07:10.285', 'BINDING');
INSERT INTO "public"."t_binding_phone_history" VALUES ('986EDE6674AB4BE49589A5B01FDDDE47', '13000000142', '2018-12-13 11:07:10.294', 'BINDING');
INSERT INTO "public"."t_binding_phone_history" VALUES ('CC39EC6C927148678B4485F00F6B3E0F', '13000000141', '2018-12-13 11:07:10.304', 'BINDING');
INSERT INTO "public"."t_binding_phone_history" VALUES ('678D0F5433704E8894139DB1BCFC83F2', '13000000140', '2018-12-13 11:07:10.313', 'BINDING');
INSERT INTO "public"."t_binding_phone_history" VALUES ('C78BC19EB4DB4355B1EF72F453CA426F', '13000000139', '2018-12-13 11:07:10.322', 'BINDING');
INSERT INTO "public"."t_binding_phone_history" VALUES ('74863613399348169FB8A108F0AA7593', '13000000138', '2018-12-13 11:07:10.332', 'BINDING');
INSERT INTO "public"."t_binding_phone_history" VALUES ('94296404FD764BC3A6E8C1BCE382F29F', '13000000137', '2018-12-13 11:07:10.342', 'BINDING');
INSERT INTO "public"."t_binding_phone_history" VALUES ('8AF41218293D436BBD43811E4141DC82', '13000000136', '2018-12-13 11:07:10.353', 'BINDING');
INSERT INTO "public"."t_binding_phone_history" VALUES ('08B28D02C7A34F64AC8EB0FB928897A4', '13000000135', '2018-12-13 11:07:10.362', 'BINDING');
INSERT INTO "public"."t_binding_phone_history" VALUES ('42043C5070794A979ED4B4303D47490F', '13000000134', '2018-12-13 11:07:10.371', 'BINDING');
INSERT INTO "public"."t_binding_phone_history" VALUES ('BBCAFFD99B204004B595A4D0A87E07C9', '13000000133', '2018-12-13 11:07:10.38', 'BINDING');
INSERT INTO "public"."t_binding_phone_history" VALUES ('577029B327A241D197B925E17049B8BA', '13000000132', '2018-12-13 11:07:10.39', 'BINDING');
INSERT INTO "public"."t_binding_phone_history" VALUES ('DA955D85B32C4220AAF0373CF7DAD91B', '13000000131', '2018-12-13 11:07:10.398', 'BINDING');
INSERT INTO "public"."t_binding_phone_history" VALUES ('223C7C2FA6B74D728D35704E67105939', '13000000130', '2018-12-13 11:07:10.409', 'BINDING');
INSERT INTO "public"."t_binding_phone_history" VALUES ('166A06B547CE4D3E921EFF5295A00EE9', '13000000129', '2018-12-13 11:07:10.424', 'BINDING');
INSERT INTO "public"."t_binding_phone_history" VALUES ('E8C39AF549C04860B2FDB1B61CCF2211', '13000000128', '2018-12-13 11:07:10.438', 'BINDING');
INSERT INTO "public"."t_binding_phone_history" VALUES ('54FEB6A3D4294F99A3DD46C9D815CEC2', '13000000127', '2018-12-13 11:07:10.448', 'BINDING');
INSERT INTO "public"."t_binding_phone_history" VALUES ('B78ED50948484CABA4226FD317AE71B5', '13000000126', '2018-12-13 11:07:10.456', 'BINDING');
INSERT INTO "public"."t_binding_phone_history" VALUES ('0E6B22B2261C4F33B7EBAAB74F932040', '13000000125', '2018-12-13 11:07:10.464', 'BINDING');
INSERT INTO "public"."t_binding_phone_history" VALUES ('B852B20E22FE4798B8E2BE1487B13B1D', '13000000124', '2018-12-13 11:07:10.472', 'BINDING');
INSERT INTO "public"."t_binding_phone_history" VALUES ('4CFFFA2CB0EE46CD99DA71198AAC5A67', '13000000123', '2018-12-13 11:07:10.479', 'BINDING');
INSERT INTO "public"."t_binding_phone_history" VALUES ('3A920E8DC6A2432992E2EC79E0C8EE02', '13000000122', '2018-12-13 11:07:10.489', 'BINDING');
INSERT INTO "public"."t_binding_phone_history" VALUES ('75E938F3802D4776A6AEBBD91E01A890', '13000000121', '2018-12-13 11:07:10.498', 'BINDING');
INSERT INTO "public"."t_binding_phone_history" VALUES ('9BA824CAEF8749B79557B17C7BC881F3', '13000000120', '2018-12-13 11:07:10.511', 'BINDING');
INSERT INTO "public"."t_binding_phone_history" VALUES ('8D5B088005564AA1BB891AAE1964935B', '13000000119', '2018-12-13 11:07:10.524', 'BINDING');
INSERT INTO "public"."t_binding_phone_history" VALUES ('A6B0725FF8CD4D53B9104C32060F5E46', '13000000118', '2018-12-13 11:07:10.552', 'BINDING');
INSERT INTO "public"."t_binding_phone_history" VALUES ('C003ABC463244B6B8F3FF151083618BC', '13000000117', '2018-12-13 11:07:10.56', 'BINDING');
INSERT INTO "public"."t_binding_phone_history" VALUES ('D8F444CB907A4A6BB1F7D2990CDCBF3B', '13000000116', '2018-12-13 11:07:10.569', 'BINDING');
INSERT INTO "public"."t_binding_phone_history" VALUES ('5081A232245145CBA656115B168599D0', '13000000115', '2018-12-13 11:07:10.576', 'BINDING');
INSERT INTO "public"."t_binding_phone_history" VALUES ('77F8239B9D004B47A0F91AE39EA03D27', '13000000114', '2018-12-13 11:07:10.584', 'BINDING');
INSERT INTO "public"."t_binding_phone_history" VALUES ('2B7309D2B36E4EF68A53E581D457B9EF', '13000000113', '2018-12-13 11:07:10.591', 'BINDING');
INSERT INTO "public"."t_binding_phone_history" VALUES ('FC92459739EF468A9FE60F29F50362AC', '13000000112', '2018-12-13 11:07:10.597', 'BINDING');
INSERT INTO "public"."t_binding_phone_history" VALUES ('B7DF16F47BDC4AE5823D388648059F0E', '13000000111', '2018-12-13 11:07:10.604', 'BINDING');
INSERT INTO "public"."t_binding_phone_history" VALUES ('25FCDC0F453F4B15BE0D3F1C8B724151', '13000000110', '2018-12-13 11:07:10.61', 'BINDING');
INSERT INTO "public"."t_binding_phone_history" VALUES ('C116EE77B6A54A75A92E8546982A6177', '13000000109', '2018-12-13 11:07:10.617', 'BINDING');
INSERT INTO "public"."t_binding_phone_history" VALUES ('A2ED7BAC6CCF483E9EEB74FF3B7ECBC9', '13000000108', '2018-12-13 11:07:10.624', 'BINDING');
INSERT INTO "public"."t_binding_phone_history" VALUES ('9097B01785C94EFBBF37F371042751B7', '13000000107', '2018-12-13 11:07:10.643', 'BINDING');
INSERT INTO "public"."t_binding_phone_history" VALUES ('1C9BAEDF56BB47F280CD9AB42FC9A6EB', '13000000106', '2018-12-13 11:07:10.651', 'BINDING');
INSERT INTO "public"."t_binding_phone_history" VALUES ('717FA4B7EA7A43E888D960E71FA3FC88', '13000000105', '2018-12-13 11:07:10.663', 'BINDING');
INSERT INTO "public"."t_binding_phone_history" VALUES ('1BBE8B3ACB814C5EA6ACFA667F7E5AD9', '13000000104', '2018-12-13 11:07:10.673', 'BINDING');
INSERT INTO "public"."t_binding_phone_history" VALUES ('F4B2F778E3E64373AD31F9FEFF3DA17E', '13000000103', '2018-12-13 11:07:10.679', 'BINDING');
INSERT INTO "public"."t_binding_phone_history" VALUES ('49FD1C5A3B8B4A01859D0DA1192CA049', '13000000102', '2018-12-13 11:07:10.692', 'BINDING');

-- ----------------------------
-- Table structure for t_button
-- ----------------------------
DROP TABLE IF EXISTS "public"."t_button";
CREATE TABLE "public"."t_button" (
  "btn_no" varchar(45) COLLATE "pg_catalog"."default",
  "btn_name" varchar(50) COLLATE "pg_catalog"."default",
  "btn_type" varchar(32) COLLATE "pg_catalog"."default",
  "btn_icon" varchar(32) COLLATE "pg_catalog"."default",
  "menu_id" varchar(32) COLLATE "pg_catalog"."default",
  "init_status" bool
)
;
COMMENT ON COLUMN "public"."t_button"."btn_no" IS '按钮编码';
COMMENT ON COLUMN "public"."t_button"."btn_name" IS '按钮名称';
COMMENT ON COLUMN "public"."t_button"."btn_type" IS '按钮类型';
COMMENT ON COLUMN "public"."t_button"."btn_icon" IS '按钮标';
COMMENT ON COLUMN "public"."t_button"."menu_id" IS '菜单ID';
COMMENT ON COLUMN "public"."t_button"."init_status" IS '1可用,0不可用';
COMMENT ON TABLE "public"."t_button" IS '实体对象
按钮';

-- ----------------------------
-- Records of t_button
-- ----------------------------
INSERT INTO "public"."t_button" VALUES ('BIG-BUTTON', '待办事项', 'BIG-BUTTON', 'icon-add', '15EB0B4009AA47B49D67D134F143A0FB', 't');
INSERT INTO "public"."t_button" VALUES ('BIG-BUTTON', '待办事项', 'BIG-BUTTON', 'icon-add', 'ABB7DF49050249C7896FAE6A4484768A', 't');

-- ----------------------------
-- Table structure for t_certification_info
-- ----------------------------
DROP TABLE IF EXISTS "public"."t_certification_info";
CREATE TABLE "public"."t_certification_info" (
  "id_card_number" varchar(20) COLLATE "pg_catalog"."default" NOT NULL,
  "name" varchar(45) COLLATE "pg_catalog"."default",
  "card_front" varchar(200) COLLATE "pg_catalog"."default",
  "card_back" varchar(200) COLLATE "pg_catalog"."default",
  "people_id" varchar(32) COLLATE "pg_catalog"."default"
)
;
COMMENT ON TABLE "public"."t_certification_info" IS '值对象
实名认证';

-- ----------------------------
-- Table structure for t_login_info
-- ----------------------------
DROP TABLE IF EXISTS "public"."t_login_info";
CREATE TABLE "public"."t_login_info" (
  "people_id" varchar(32) COLLATE "pg_catalog"."default" NOT NULL,
  "source" varchar(32) COLLATE "pg_catalog"."default",
  "mark" varchar(32) COLLATE "pg_catalog"."default",
  "status" varchar(32) COLLATE "pg_catalog"."default"
)
;
COMMENT ON COLUMN "public"."t_login_info"."source" IS 'PASSWORD,
PHONE,
QQ,
WECHART,
ALIPAY,
FACEBOOK,
GOOGLE
';
COMMENT ON COLUMN "public"."t_login_info"."status" IS 'normal,
disable
';
COMMENT ON TABLE "public"."t_login_info" IS '值对象
登录方式';

-- ----------------------------
-- Records of t_login_info
-- ----------------------------
INSERT INTO "public"."t_login_info" VALUES ('4B524870E4134BB3B199BE2929E9EC9A', 'PASSWORD', 'e10adc3949ba59abbe56e057f20f883e', 'BINDING');
INSERT INTO "public"."t_login_info" VALUES ('4B524870E4134BB3B199BE2929E9EC9A', 'PHONE', '13800001111', 'BINDING');
INSERT INTO "public"."t_login_info" VALUES ('D3FE8509E0D14C2D9F89EABB039150FB', 'PASSWORD', 'e10adc3949ba59abbe56e057f20f883e', 'BINDING');
INSERT INTO "public"."t_login_info" VALUES ('D3FE8509E0D14C2D9F89EABB039150FB', 'PHONE', '13000000202', 'BINDING');
INSERT INTO "public"."t_login_info" VALUES ('1D44974C23554E819FE28FA2F4298277', 'PHONE', '13000000201', 'BINDING');
INSERT INTO "public"."t_login_info" VALUES ('1D44974C23554E819FE28FA2F4298277', 'PASSWORD', 'e10adc3949ba59abbe56e057f20f883e', 'BINDING');
INSERT INTO "public"."t_login_info" VALUES ('186823858CF84454AA17FC08D5949374', 'PASSWORD', 'e10adc3949ba59abbe56e057f20f883e', 'BINDING');
INSERT INTO "public"."t_login_info" VALUES ('186823858CF84454AA17FC08D5949374', 'PHONE', '13000000200', 'BINDING');
INSERT INTO "public"."t_login_info" VALUES ('F7404BB849BF48BCBA1A4A64B8623847', 'PHONE', '13000000199', 'BINDING');
INSERT INTO "public"."t_login_info" VALUES ('F7404BB849BF48BCBA1A4A64B8623847', 'PASSWORD', 'e10adc3949ba59abbe56e057f20f883e', 'BINDING');
INSERT INTO "public"."t_login_info" VALUES ('400F54C985A74AF4944848640BC1A355', 'PHONE', '13000000198', 'BINDING');
INSERT INTO "public"."t_login_info" VALUES ('400F54C985A74AF4944848640BC1A355', 'PASSWORD', 'e10adc3949ba59abbe56e057f20f883e', 'BINDING');
INSERT INTO "public"."t_login_info" VALUES ('717AD04B52074493B98055320501AA3C', 'PASSWORD', 'e10adc3949ba59abbe56e057f20f883e', 'BINDING');
INSERT INTO "public"."t_login_info" VALUES ('717AD04B52074493B98055320501AA3C', 'PHONE', '13000000197', 'BINDING');
INSERT INTO "public"."t_login_info" VALUES ('47101A959513448D92AF0A372F4664B8', 'PASSWORD', 'e10adc3949ba59abbe56e057f20f883e', 'BINDING');
INSERT INTO "public"."t_login_info" VALUES ('47101A959513448D92AF0A372F4664B8', 'PHONE', '13000000196', 'BINDING');
INSERT INTO "public"."t_login_info" VALUES ('7B60F1F835D94423BD4C695B5F4A8284', 'PHONE', '13000000195', 'BINDING');
INSERT INTO "public"."t_login_info" VALUES ('7B60F1F835D94423BD4C695B5F4A8284', 'PASSWORD', 'e10adc3949ba59abbe56e057f20f883e', 'BINDING');
INSERT INTO "public"."t_login_info" VALUES ('122F7C6824E2411F82C0AD6E1F478E0F', 'PASSWORD', 'e10adc3949ba59abbe56e057f20f883e', 'BINDING');
INSERT INTO "public"."t_login_info" VALUES ('122F7C6824E2411F82C0AD6E1F478E0F', 'PHONE', '13000000194', 'BINDING');
INSERT INTO "public"."t_login_info" VALUES ('E8A62DE6A232426EB8578DF51CE9403C', 'PASSWORD', 'e10adc3949ba59abbe56e057f20f883e', 'BINDING');
INSERT INTO "public"."t_login_info" VALUES ('E8A62DE6A232426EB8578DF51CE9403C', 'PHONE', '13000000193', 'BINDING');
INSERT INTO "public"."t_login_info" VALUES ('603D010E40834928AB49FD5FF34F6162', 'PASSWORD', 'e10adc3949ba59abbe56e057f20f883e', 'BINDING');
INSERT INTO "public"."t_login_info" VALUES ('603D010E40834928AB49FD5FF34F6162', 'PHONE', '13000000192', 'BINDING');
INSERT INTO "public"."t_login_info" VALUES ('F777E1CD08024AB0853CFBD944044623', 'PASSWORD', 'e10adc3949ba59abbe56e057f20f883e', 'BINDING');
INSERT INTO "public"."t_login_info" VALUES ('F777E1CD08024AB0853CFBD944044623', 'PHONE', '13000000191', 'BINDING');
INSERT INTO "public"."t_login_info" VALUES ('F4983C5109514F0DA824CEF0C94EDF2C', 'PHONE', '13000000190', 'BINDING');
INSERT INTO "public"."t_login_info" VALUES ('F4983C5109514F0DA824CEF0C94EDF2C', 'PASSWORD', 'e10adc3949ba59abbe56e057f20f883e', 'BINDING');
INSERT INTO "public"."t_login_info" VALUES ('3480855D8FDD4D169EE28292394B0D59', 'PASSWORD', 'e10adc3949ba59abbe56e057f20f883e', 'BINDING');
INSERT INTO "public"."t_login_info" VALUES ('3480855D8FDD4D169EE28292394B0D59', 'PHONE', '13000000189', 'BINDING');
INSERT INTO "public"."t_login_info" VALUES ('2433EBC69CF448FF85C65B53220044CB', 'PHONE', '13000000188', 'BINDING');
INSERT INTO "public"."t_login_info" VALUES ('2433EBC69CF448FF85C65B53220044CB', 'PASSWORD', 'e10adc3949ba59abbe56e057f20f883e', 'BINDING');
INSERT INTO "public"."t_login_info" VALUES ('FDA72C7042B24AEA9625FD0D839040CE', 'PHONE', '13000000187', 'BINDING');
INSERT INTO "public"."t_login_info" VALUES ('FDA72C7042B24AEA9625FD0D839040CE', 'PASSWORD', 'e10adc3949ba59abbe56e057f20f883e', 'BINDING');
INSERT INTO "public"."t_login_info" VALUES ('F946AEDEE89542469BB22B0424E71EDF', 'PHONE', '13000000186', 'BINDING');
INSERT INTO "public"."t_login_info" VALUES ('F946AEDEE89542469BB22B0424E71EDF', 'PASSWORD', 'e10adc3949ba59abbe56e057f20f883e', 'BINDING');
INSERT INTO "public"."t_login_info" VALUES ('F329CFC4564D477DB5C8B1217505D632', 'PHONE', '13000000185', 'BINDING');
INSERT INTO "public"."t_login_info" VALUES ('F329CFC4564D477DB5C8B1217505D632', 'PASSWORD', 'e10adc3949ba59abbe56e057f20f883e', 'BINDING');
INSERT INTO "public"."t_login_info" VALUES ('D16115FCDD6245E6A40665AF8D20F425', 'PASSWORD', 'e10adc3949ba59abbe56e057f20f883e', 'BINDING');
INSERT INTO "public"."t_login_info" VALUES ('D16115FCDD6245E6A40665AF8D20F425', 'PHONE', '13000000184', 'BINDING');
INSERT INTO "public"."t_login_info" VALUES ('6D22472F80F742FD890E3F12A104ED7B', 'PHONE', '13000000183', 'BINDING');
INSERT INTO "public"."t_login_info" VALUES ('6D22472F80F742FD890E3F12A104ED7B', 'PASSWORD', 'e10adc3949ba59abbe56e057f20f883e', 'BINDING');
INSERT INTO "public"."t_login_info" VALUES ('738283152C0045EE8C01EA5DB5CD6679', 'PHONE', '13000000182', 'BINDING');
INSERT INTO "public"."t_login_info" VALUES ('738283152C0045EE8C01EA5DB5CD6679', 'PASSWORD', 'e10adc3949ba59abbe56e057f20f883e', 'BINDING');
INSERT INTO "public"."t_login_info" VALUES ('E99CC922127E41449BB7F4B1D6ADBFAA', 'PHONE', '13000000181', 'BINDING');
INSERT INTO "public"."t_login_info" VALUES ('E99CC922127E41449BB7F4B1D6ADBFAA', 'PASSWORD', 'e10adc3949ba59abbe56e057f20f883e', 'BINDING');
INSERT INTO "public"."t_login_info" VALUES ('419B9184AC034113B4991CA037E420E5', 'PASSWORD', 'e10adc3949ba59abbe56e057f20f883e', 'BINDING');
INSERT INTO "public"."t_login_info" VALUES ('419B9184AC034113B4991CA037E420E5', 'PHONE', '13000000180', 'BINDING');
INSERT INTO "public"."t_login_info" VALUES ('9728BD0D203D4D5C92B5671F450D1B94', 'PASSWORD', 'e10adc3949ba59abbe56e057f20f883e', 'BINDING');
INSERT INTO "public"."t_login_info" VALUES ('9728BD0D203D4D5C92B5671F450D1B94', 'PHONE', '13000000179', 'BINDING');
INSERT INTO "public"."t_login_info" VALUES ('5C64ACDF86054887A9425DAFCA85E76A', 'PASSWORD', 'e10adc3949ba59abbe56e057f20f883e', 'BINDING');
INSERT INTO "public"."t_login_info" VALUES ('5C64ACDF86054887A9425DAFCA85E76A', 'PHONE', '13000000178', 'BINDING');
INSERT INTO "public"."t_login_info" VALUES ('E1363F8EA2E34C17A7FC80F23BE35BC4', 'PASSWORD', 'e10adc3949ba59abbe56e057f20f883e', 'BINDING');
INSERT INTO "public"."t_login_info" VALUES ('E1363F8EA2E34C17A7FC80F23BE35BC4', 'PHONE', '13000000177', 'BINDING');
INSERT INTO "public"."t_login_info" VALUES ('00EF3B8F73A34D6086784FDC27E62553', 'PHONE', '13000000176', 'BINDING');
INSERT INTO "public"."t_login_info" VALUES ('00EF3B8F73A34D6086784FDC27E62553', 'PASSWORD', 'e10adc3949ba59abbe56e057f20f883e', 'BINDING');
INSERT INTO "public"."t_login_info" VALUES ('91336088C63C4DFCA41BDF04A8A87822', 'PHONE', '13000000175', 'BINDING');
INSERT INTO "public"."t_login_info" VALUES ('91336088C63C4DFCA41BDF04A8A87822', 'PASSWORD', 'e10adc3949ba59abbe56e057f20f883e', 'BINDING');
INSERT INTO "public"."t_login_info" VALUES ('1AE34FF85D8C47E89A1CA67729B5D84E', 'PASSWORD', 'e10adc3949ba59abbe56e057f20f883e', 'BINDING');
INSERT INTO "public"."t_login_info" VALUES ('1AE34FF85D8C47E89A1CA67729B5D84E', 'PHONE', '13000000174', 'BINDING');
INSERT INTO "public"."t_login_info" VALUES ('6E2C3EF15B50403ABE5E0F19BD18C6BB', 'PHONE', '13000000173', 'BINDING');
INSERT INTO "public"."t_login_info" VALUES ('6E2C3EF15B50403ABE5E0F19BD18C6BB', 'PASSWORD', 'e10adc3949ba59abbe56e057f20f883e', 'BINDING');
INSERT INTO "public"."t_login_info" VALUES ('01AF6AB74C664D328D4D374BAED39F22', 'PASSWORD', 'e10adc3949ba59abbe56e057f20f883e', 'BINDING');
INSERT INTO "public"."t_login_info" VALUES ('01AF6AB74C664D328D4D374BAED39F22', 'PHONE', '13000000172', 'BINDING');
INSERT INTO "public"."t_login_info" VALUES ('5CCECEEC50CF446B9BD83D125BDDE8C8', 'PHONE', '13000000171', 'BINDING');
INSERT INTO "public"."t_login_info" VALUES ('5CCECEEC50CF446B9BD83D125BDDE8C8', 'PASSWORD', 'e10adc3949ba59abbe56e057f20f883e', 'BINDING');
INSERT INTO "public"."t_login_info" VALUES ('E08588EA43444E65A423A35D2723A2CC', 'PHONE', '13000000170', 'BINDING');
INSERT INTO "public"."t_login_info" VALUES ('E08588EA43444E65A423A35D2723A2CC', 'PASSWORD', 'e10adc3949ba59abbe56e057f20f883e', 'BINDING');
INSERT INTO "public"."t_login_info" VALUES ('429F38625CA342398AB28E5EBEC6CE77', 'PASSWORD', 'e10adc3949ba59abbe56e057f20f883e', 'BINDING');
INSERT INTO "public"."t_login_info" VALUES ('429F38625CA342398AB28E5EBEC6CE77', 'PHONE', '13000000169', 'BINDING');
INSERT INTO "public"."t_login_info" VALUES ('063E94DF9FAD4112BDBAF10E53664623', 'PASSWORD', 'e10adc3949ba59abbe56e057f20f883e', 'BINDING');
INSERT INTO "public"."t_login_info" VALUES ('063E94DF9FAD4112BDBAF10E53664623', 'PHONE', '13000000168', 'BINDING');
INSERT INTO "public"."t_login_info" VALUES ('B81F04B0DE37438C9249287C5935B5DC', 'PASSWORD', 'e10adc3949ba59abbe56e057f20f883e', 'BINDING');
INSERT INTO "public"."t_login_info" VALUES ('B81F04B0DE37438C9249287C5935B5DC', 'PHONE', '13000000167', 'BINDING');
INSERT INTO "public"."t_login_info" VALUES ('15C0B9EF8C3F40EAA1B127116AB7F954', 'PASSWORD', 'e10adc3949ba59abbe56e057f20f883e', 'BINDING');
INSERT INTO "public"."t_login_info" VALUES ('15C0B9EF8C3F40EAA1B127116AB7F954', 'PHONE', '13000000166', 'BINDING');
INSERT INTO "public"."t_login_info" VALUES ('5DCA655E4C0643ABA71CA150EDE387B4', 'PASSWORD', 'e10adc3949ba59abbe56e057f20f883e', 'BINDING');
INSERT INTO "public"."t_login_info" VALUES ('5DCA655E4C0643ABA71CA150EDE387B4', 'PHONE', '13000000165', 'BINDING');
INSERT INTO "public"."t_login_info" VALUES ('CF4CD529281E4E77A3B1EF1836D73863', 'PHONE', '13000000164', 'BINDING');
INSERT INTO "public"."t_login_info" VALUES ('CF4CD529281E4E77A3B1EF1836D73863', 'PASSWORD', 'e10adc3949ba59abbe56e057f20f883e', 'BINDING');
INSERT INTO "public"."t_login_info" VALUES ('1B63EFFBA1E94E47888EDD93F10D19B2', 'PASSWORD', 'e10adc3949ba59abbe56e057f20f883e', 'BINDING');
INSERT INTO "public"."t_login_info" VALUES ('1B63EFFBA1E94E47888EDD93F10D19B2', 'PHONE', '13000000163', 'BINDING');
INSERT INTO "public"."t_login_info" VALUES ('2098AC5D8CAE4803803A9A1589D8938B', 'PHONE', '13000000162', 'BINDING');
INSERT INTO "public"."t_login_info" VALUES ('2098AC5D8CAE4803803A9A1589D8938B', 'PASSWORD', 'e10adc3949ba59abbe56e057f20f883e', 'BINDING');
INSERT INTO "public"."t_login_info" VALUES ('EF09888F7B9E4008897A35EFE26098B6', 'PASSWORD', 'e10adc3949ba59abbe56e057f20f883e', 'BINDING');
INSERT INTO "public"."t_login_info" VALUES ('EF09888F7B9E4008897A35EFE26098B6', 'PHONE', '13000000161', 'BINDING');
INSERT INTO "public"."t_login_info" VALUES ('4A33BB668ADB4444BCBC054A69967CBE', 'PHONE', '13000000160', 'BINDING');
INSERT INTO "public"."t_login_info" VALUES ('4A33BB668ADB4444BCBC054A69967CBE', 'PASSWORD', 'e10adc3949ba59abbe56e057f20f883e', 'BINDING');
INSERT INTO "public"."t_login_info" VALUES ('479F12E95C274B38AA53DB8EBD6E98A9', 'PHONE', '13000000159', 'BINDING');
INSERT INTO "public"."t_login_info" VALUES ('479F12E95C274B38AA53DB8EBD6E98A9', 'PASSWORD', 'e10adc3949ba59abbe56e057f20f883e', 'BINDING');
INSERT INTO "public"."t_login_info" VALUES ('87BC67F12B044392A9398B0714A7809C', 'PASSWORD', 'e10adc3949ba59abbe56e057f20f883e', 'BINDING');
INSERT INTO "public"."t_login_info" VALUES ('87BC67F12B044392A9398B0714A7809C', 'PHONE', '13000000158', 'BINDING');
INSERT INTO "public"."t_login_info" VALUES ('3C4A6CC331CE4C2E82C70858C685F1D7', 'PHONE', '13000000157', 'BINDING');
INSERT INTO "public"."t_login_info" VALUES ('3C4A6CC331CE4C2E82C70858C685F1D7', 'PASSWORD', 'e10adc3949ba59abbe56e057f20f883e', 'BINDING');
INSERT INTO "public"."t_login_info" VALUES ('C0B3B891D838450E98DEB845187EFE88', 'PHONE', '13000000156', 'BINDING');
INSERT INTO "public"."t_login_info" VALUES ('C0B3B891D838450E98DEB845187EFE88', 'PASSWORD', 'e10adc3949ba59abbe56e057f20f883e', 'BINDING');
INSERT INTO "public"."t_login_info" VALUES ('F1095F6B67284F0694B8A2F7F2EFFF0B', 'PASSWORD', 'e10adc3949ba59abbe56e057f20f883e', 'BINDING');
INSERT INTO "public"."t_login_info" VALUES ('F1095F6B67284F0694B8A2F7F2EFFF0B', 'PHONE', '13000000155', 'BINDING');
INSERT INTO "public"."t_login_info" VALUES ('B9C51878F52E4D18A6E7D51BA5C7BEBA', 'PHONE', '13000000154', 'BINDING');
INSERT INTO "public"."t_login_info" VALUES ('B9C51878F52E4D18A6E7D51BA5C7BEBA', 'PASSWORD', 'e10adc3949ba59abbe56e057f20f883e', 'BINDING');
INSERT INTO "public"."t_login_info" VALUES ('D6971E20ECEE4A51A3275E091E686D7A', 'PHONE', '13000000153', 'BINDING');
INSERT INTO "public"."t_login_info" VALUES ('D6971E20ECEE4A51A3275E091E686D7A', 'PASSWORD', 'e10adc3949ba59abbe56e057f20f883e', 'BINDING');
INSERT INTO "public"."t_login_info" VALUES ('2E44A0A590BA4F1D9AE41A1C97F9D92F', 'PASSWORD', 'e10adc3949ba59abbe56e057f20f883e', 'BINDING');
INSERT INTO "public"."t_login_info" VALUES ('2E44A0A590BA4F1D9AE41A1C97F9D92F', 'PHONE', '13000000152', 'BINDING');
INSERT INTO "public"."t_login_info" VALUES ('728C7AF55EA744A7943E55BCAF6358FB', 'PHONE', '13000000151', 'BINDING');
INSERT INTO "public"."t_login_info" VALUES ('728C7AF55EA744A7943E55BCAF6358FB', 'PASSWORD', 'e10adc3949ba59abbe56e057f20f883e', 'BINDING');
INSERT INTO "public"."t_login_info" VALUES ('D23C8CBBB494435EAB190BE32F71EE49', 'PHONE', '13000000150', 'BINDING');
INSERT INTO "public"."t_login_info" VALUES ('D23C8CBBB494435EAB190BE32F71EE49', 'PASSWORD', 'e10adc3949ba59abbe56e057f20f883e', 'BINDING');
INSERT INTO "public"."t_login_info" VALUES ('7BDE812EA4224DF09E93B9642FDBEAE8', 'PHONE', '13000000149', 'BINDING');
INSERT INTO "public"."t_login_info" VALUES ('7BDE812EA4224DF09E93B9642FDBEAE8', 'PASSWORD', 'e10adc3949ba59abbe56e057f20f883e', 'BINDING');
INSERT INTO "public"."t_login_info" VALUES ('483A0F34FCDA4B4F90073FE035300B6B', 'PASSWORD', 'e10adc3949ba59abbe56e057f20f883e', 'BINDING');
INSERT INTO "public"."t_login_info" VALUES ('483A0F34FCDA4B4F90073FE035300B6B', 'PHONE', '13000000148', 'BINDING');
INSERT INTO "public"."t_login_info" VALUES ('96CDBE4B003443FEB6E9148B6E0F839F', 'PASSWORD', 'e10adc3949ba59abbe56e057f20f883e', 'BINDING');
INSERT INTO "public"."t_login_info" VALUES ('96CDBE4B003443FEB6E9148B6E0F839F', 'PHONE', '13000000147', 'BINDING');
INSERT INTO "public"."t_login_info" VALUES ('6E60422B3CBA4BC8B2FB05008DC16D6F', 'PHONE', '13000000146', 'BINDING');
INSERT INTO "public"."t_login_info" VALUES ('6E60422B3CBA4BC8B2FB05008DC16D6F', 'PASSWORD', 'e10adc3949ba59abbe56e057f20f883e', 'BINDING');
INSERT INTO "public"."t_login_info" VALUES ('80DA40540CD1458DA3338077FF45AE18', 'PASSWORD', 'e10adc3949ba59abbe56e057f20f883e', 'BINDING');
INSERT INTO "public"."t_login_info" VALUES ('80DA40540CD1458DA3338077FF45AE18', 'PHONE', '13000000145', 'BINDING');
INSERT INTO "public"."t_login_info" VALUES ('C64EBAF6F32B4E44992F420BBC440A1F', 'PASSWORD', 'e10adc3949ba59abbe56e057f20f883e', 'BINDING');
INSERT INTO "public"."t_login_info" VALUES ('C64EBAF6F32B4E44992F420BBC440A1F', 'PHONE', '13000000144', 'BINDING');
INSERT INTO "public"."t_login_info" VALUES ('E19F85A2138144F98FDD71DD872664AF', 'PHONE', '13000000143', 'BINDING');
INSERT INTO "public"."t_login_info" VALUES ('E19F85A2138144F98FDD71DD872664AF', 'PASSWORD', 'e10adc3949ba59abbe56e057f20f883e', 'BINDING');
INSERT INTO "public"."t_login_info" VALUES ('986EDE6674AB4BE49589A5B01FDDDE47', 'PHONE', '13000000142', 'BINDING');
INSERT INTO "public"."t_login_info" VALUES ('986EDE6674AB4BE49589A5B01FDDDE47', 'PASSWORD', 'e10adc3949ba59abbe56e057f20f883e', 'BINDING');
INSERT INTO "public"."t_login_info" VALUES ('CC39EC6C927148678B4485F00F6B3E0F', 'PASSWORD', 'e10adc3949ba59abbe56e057f20f883e', 'BINDING');
INSERT INTO "public"."t_login_info" VALUES ('CC39EC6C927148678B4485F00F6B3E0F', 'PHONE', '13000000141', 'BINDING');
INSERT INTO "public"."t_login_info" VALUES ('678D0F5433704E8894139DB1BCFC83F2', 'PASSWORD', 'e10adc3949ba59abbe56e057f20f883e', 'BINDING');
INSERT INTO "public"."t_login_info" VALUES ('678D0F5433704E8894139DB1BCFC83F2', 'PHONE', '13000000140', 'BINDING');
INSERT INTO "public"."t_login_info" VALUES ('C78BC19EB4DB4355B1EF72F453CA426F', 'PHONE', '13000000139', 'BINDING');
INSERT INTO "public"."t_login_info" VALUES ('C78BC19EB4DB4355B1EF72F453CA426F', 'PASSWORD', 'e10adc3949ba59abbe56e057f20f883e', 'BINDING');
INSERT INTO "public"."t_login_info" VALUES ('74863613399348169FB8A108F0AA7593', 'PASSWORD', 'e10adc3949ba59abbe56e057f20f883e', 'BINDING');
INSERT INTO "public"."t_login_info" VALUES ('74863613399348169FB8A108F0AA7593', 'PHONE', '13000000138', 'BINDING');
INSERT INTO "public"."t_login_info" VALUES ('94296404FD764BC3A6E8C1BCE382F29F', 'PASSWORD', 'e10adc3949ba59abbe56e057f20f883e', 'BINDING');
INSERT INTO "public"."t_login_info" VALUES ('94296404FD764BC3A6E8C1BCE382F29F', 'PHONE', '13000000137', 'BINDING');
INSERT INTO "public"."t_login_info" VALUES ('8AF41218293D436BBD43811E4141DC82', 'PHONE', '13000000136', 'BINDING');
INSERT INTO "public"."t_login_info" VALUES ('8AF41218293D436BBD43811E4141DC82', 'PASSWORD', 'e10adc3949ba59abbe56e057f20f883e', 'BINDING');
INSERT INTO "public"."t_login_info" VALUES ('08B28D02C7A34F64AC8EB0FB928897A4', 'PHONE', '13000000135', 'BINDING');
INSERT INTO "public"."t_login_info" VALUES ('08B28D02C7A34F64AC8EB0FB928897A4', 'PASSWORD', 'e10adc3949ba59abbe56e057f20f883e', 'BINDING');
INSERT INTO "public"."t_login_info" VALUES ('42043C5070794A979ED4B4303D47490F', 'PHONE', '13000000134', 'BINDING');
INSERT INTO "public"."t_login_info" VALUES ('42043C5070794A979ED4B4303D47490F', 'PASSWORD', 'e10adc3949ba59abbe56e057f20f883e', 'BINDING');
INSERT INTO "public"."t_login_info" VALUES ('BBCAFFD99B204004B595A4D0A87E07C9', 'PASSWORD', 'e10adc3949ba59abbe56e057f20f883e', 'BINDING');
INSERT INTO "public"."t_login_info" VALUES ('BBCAFFD99B204004B595A4D0A87E07C9', 'PHONE', '13000000133', 'BINDING');
INSERT INTO "public"."t_login_info" VALUES ('577029B327A241D197B925E17049B8BA', 'PASSWORD', 'e10adc3949ba59abbe56e057f20f883e', 'BINDING');
INSERT INTO "public"."t_login_info" VALUES ('577029B327A241D197B925E17049B8BA', 'PHONE', '13000000132', 'BINDING');
INSERT INTO "public"."t_login_info" VALUES ('DA955D85B32C4220AAF0373CF7DAD91B', 'PASSWORD', 'e10adc3949ba59abbe56e057f20f883e', 'BINDING');
INSERT INTO "public"."t_login_info" VALUES ('DA955D85B32C4220AAF0373CF7DAD91B', 'PHONE', '13000000131', 'BINDING');
INSERT INTO "public"."t_login_info" VALUES ('223C7C2FA6B74D728D35704E67105939', 'PHONE', '13000000130', 'BINDING');
INSERT INTO "public"."t_login_info" VALUES ('223C7C2FA6B74D728D35704E67105939', 'PASSWORD', 'e10adc3949ba59abbe56e057f20f883e', 'BINDING');
INSERT INTO "public"."t_login_info" VALUES ('166A06B547CE4D3E921EFF5295A00EE9', 'PASSWORD', 'e10adc3949ba59abbe56e057f20f883e', 'BINDING');
INSERT INTO "public"."t_login_info" VALUES ('166A06B547CE4D3E921EFF5295A00EE9', 'PHONE', '13000000129', 'BINDING');
INSERT INTO "public"."t_login_info" VALUES ('E8C39AF549C04860B2FDB1B61CCF2211', 'PASSWORD', 'e10adc3949ba59abbe56e057f20f883e', 'BINDING');
INSERT INTO "public"."t_login_info" VALUES ('E8C39AF549C04860B2FDB1B61CCF2211', 'PHONE', '13000000128', 'BINDING');
INSERT INTO "public"."t_login_info" VALUES ('54FEB6A3D4294F99A3DD46C9D815CEC2', 'PASSWORD', 'e10adc3949ba59abbe56e057f20f883e', 'BINDING');
INSERT INTO "public"."t_login_info" VALUES ('54FEB6A3D4294F99A3DD46C9D815CEC2', 'PHONE', '13000000127', 'BINDING');
INSERT INTO "public"."t_login_info" VALUES ('B78ED50948484CABA4226FD317AE71B5', 'PASSWORD', 'e10adc3949ba59abbe56e057f20f883e', 'BINDING');
INSERT INTO "public"."t_login_info" VALUES ('B78ED50948484CABA4226FD317AE71B5', 'PHONE', '13000000126', 'BINDING');
INSERT INTO "public"."t_login_info" VALUES ('0E6B22B2261C4F33B7EBAAB74F932040', 'PASSWORD', 'e10adc3949ba59abbe56e057f20f883e', 'BINDING');
INSERT INTO "public"."t_login_info" VALUES ('0E6B22B2261C4F33B7EBAAB74F932040', 'PHONE', '13000000125', 'BINDING');
INSERT INTO "public"."t_login_info" VALUES ('B852B20E22FE4798B8E2BE1487B13B1D', 'PHONE', '13000000124', 'BINDING');
INSERT INTO "public"."t_login_info" VALUES ('B852B20E22FE4798B8E2BE1487B13B1D', 'PASSWORD', 'e10adc3949ba59abbe56e057f20f883e', 'BINDING');
INSERT INTO "public"."t_login_info" VALUES ('4CFFFA2CB0EE46CD99DA71198AAC5A67', 'PASSWORD', 'e10adc3949ba59abbe56e057f20f883e', 'BINDING');
INSERT INTO "public"."t_login_info" VALUES ('4CFFFA2CB0EE46CD99DA71198AAC5A67', 'PHONE', '13000000123', 'BINDING');
INSERT INTO "public"."t_login_info" VALUES ('3A920E8DC6A2432992E2EC79E0C8EE02', 'PASSWORD', 'e10adc3949ba59abbe56e057f20f883e', 'BINDING');
INSERT INTO "public"."t_login_info" VALUES ('3A920E8DC6A2432992E2EC79E0C8EE02', 'PHONE', '13000000122', 'BINDING');
INSERT INTO "public"."t_login_info" VALUES ('75E938F3802D4776A6AEBBD91E01A890', 'PASSWORD', 'e10adc3949ba59abbe56e057f20f883e', 'BINDING');
INSERT INTO "public"."t_login_info" VALUES ('75E938F3802D4776A6AEBBD91E01A890', 'PHONE', '13000000121', 'BINDING');
INSERT INTO "public"."t_login_info" VALUES ('9BA824CAEF8749B79557B17C7BC881F3', 'PHONE', '13000000120', 'BINDING');
INSERT INTO "public"."t_login_info" VALUES ('9BA824CAEF8749B79557B17C7BC881F3', 'PASSWORD', 'e10adc3949ba59abbe56e057f20f883e', 'BINDING');
INSERT INTO "public"."t_login_info" VALUES ('8D5B088005564AA1BB891AAE1964935B', 'PHONE', '13000000119', 'BINDING');
INSERT INTO "public"."t_login_info" VALUES ('8D5B088005564AA1BB891AAE1964935B', 'PASSWORD', 'e10adc3949ba59abbe56e057f20f883e', 'BINDING');
INSERT INTO "public"."t_login_info" VALUES ('A6B0725FF8CD4D53B9104C32060F5E46', 'PHONE', '13000000118', 'BINDING');
INSERT INTO "public"."t_login_info" VALUES ('A6B0725FF8CD4D53B9104C32060F5E46', 'PASSWORD', 'e10adc3949ba59abbe56e057f20f883e', 'BINDING');
INSERT INTO "public"."t_login_info" VALUES ('C003ABC463244B6B8F3FF151083618BC', 'PHONE', '13000000117', 'BINDING');
INSERT INTO "public"."t_login_info" VALUES ('C003ABC463244B6B8F3FF151083618BC', 'PASSWORD', 'e10adc3949ba59abbe56e057f20f883e', 'BINDING');
INSERT INTO "public"."t_login_info" VALUES ('D8F444CB907A4A6BB1F7D2990CDCBF3B', 'PASSWORD', 'e10adc3949ba59abbe56e057f20f883e', 'BINDING');
INSERT INTO "public"."t_login_info" VALUES ('D8F444CB907A4A6BB1F7D2990CDCBF3B', 'PHONE', '13000000116', 'BINDING');
INSERT INTO "public"."t_login_info" VALUES ('5081A232245145CBA656115B168599D0', 'PASSWORD', 'e10adc3949ba59abbe56e057f20f883e', 'BINDING');
INSERT INTO "public"."t_login_info" VALUES ('5081A232245145CBA656115B168599D0', 'PHONE', '13000000115', 'BINDING');
INSERT INTO "public"."t_login_info" VALUES ('77F8239B9D004B47A0F91AE39EA03D27', 'PHONE', '13000000114', 'BINDING');
INSERT INTO "public"."t_login_info" VALUES ('77F8239B9D004B47A0F91AE39EA03D27', 'PASSWORD', 'e10adc3949ba59abbe56e057f20f883e', 'BINDING');
INSERT INTO "public"."t_login_info" VALUES ('2B7309D2B36E4EF68A53E581D457B9EF', 'PASSWORD', 'e10adc3949ba59abbe56e057f20f883e', 'BINDING');
INSERT INTO "public"."t_login_info" VALUES ('2B7309D2B36E4EF68A53E581D457B9EF', 'PHONE', '13000000113', 'BINDING');
INSERT INTO "public"."t_login_info" VALUES ('FC92459739EF468A9FE60F29F50362AC', 'PHONE', '13000000112', 'BINDING');
INSERT INTO "public"."t_login_info" VALUES ('FC92459739EF468A9FE60F29F50362AC', 'PASSWORD', 'e10adc3949ba59abbe56e057f20f883e', 'BINDING');
INSERT INTO "public"."t_login_info" VALUES ('B7DF16F47BDC4AE5823D388648059F0E', 'PASSWORD', 'e10adc3949ba59abbe56e057f20f883e', 'BINDING');
INSERT INTO "public"."t_login_info" VALUES ('B7DF16F47BDC4AE5823D388648059F0E', 'PHONE', '13000000111', 'BINDING');
INSERT INTO "public"."t_login_info" VALUES ('25FCDC0F453F4B15BE0D3F1C8B724151', 'PASSWORD', 'e10adc3949ba59abbe56e057f20f883e', 'BINDING');
INSERT INTO "public"."t_login_info" VALUES ('25FCDC0F453F4B15BE0D3F1C8B724151', 'PHONE', '13000000110', 'BINDING');
INSERT INTO "public"."t_login_info" VALUES ('C116EE77B6A54A75A92E8546982A6177', 'PASSWORD', 'e10adc3949ba59abbe56e057f20f883e', 'BINDING');
INSERT INTO "public"."t_login_info" VALUES ('C116EE77B6A54A75A92E8546982A6177', 'PHONE', '13000000109', 'BINDING');
INSERT INTO "public"."t_login_info" VALUES ('A2ED7BAC6CCF483E9EEB74FF3B7ECBC9', 'PHONE', '13000000108', 'BINDING');
INSERT INTO "public"."t_login_info" VALUES ('A2ED7BAC6CCF483E9EEB74FF3B7ECBC9', 'PASSWORD', 'e10adc3949ba59abbe56e057f20f883e', 'BINDING');
INSERT INTO "public"."t_login_info" VALUES ('9097B01785C94EFBBF37F371042751B7', 'PASSWORD', 'e10adc3949ba59abbe56e057f20f883e', 'BINDING');
INSERT INTO "public"."t_login_info" VALUES ('9097B01785C94EFBBF37F371042751B7', 'PHONE', '13000000107', 'BINDING');
INSERT INTO "public"."t_login_info" VALUES ('1C9BAEDF56BB47F280CD9AB42FC9A6EB', 'PHONE', '13000000106', 'BINDING');
INSERT INTO "public"."t_login_info" VALUES ('1C9BAEDF56BB47F280CD9AB42FC9A6EB', 'PASSWORD', 'e10adc3949ba59abbe56e057f20f883e', 'BINDING');
INSERT INTO "public"."t_login_info" VALUES ('717FA4B7EA7A43E888D960E71FA3FC88', 'PHONE', '13000000105', 'BINDING');
INSERT INTO "public"."t_login_info" VALUES ('717FA4B7EA7A43E888D960E71FA3FC88', 'PASSWORD', 'e10adc3949ba59abbe56e057f20f883e', 'BINDING');
INSERT INTO "public"."t_login_info" VALUES ('1BBE8B3ACB814C5EA6ACFA667F7E5AD9', 'PASSWORD', 'e10adc3949ba59abbe56e057f20f883e', 'BINDING');
INSERT INTO "public"."t_login_info" VALUES ('1BBE8B3ACB814C5EA6ACFA667F7E5AD9', 'PHONE', '13000000104', 'BINDING');
INSERT INTO "public"."t_login_info" VALUES ('F4B2F778E3E64373AD31F9FEFF3DA17E', 'PASSWORD', 'e10adc3949ba59abbe56e057f20f883e', 'BINDING');
INSERT INTO "public"."t_login_info" VALUES ('F4B2F778E3E64373AD31F9FEFF3DA17E', 'PHONE', '13000000103', 'BINDING');
INSERT INTO "public"."t_login_info" VALUES ('49FD1C5A3B8B4A01859D0DA1192CA049', 'PHONE', '13000000102', 'BINDING');
INSERT INTO "public"."t_login_info" VALUES ('49FD1C5A3B8B4A01859D0DA1192CA049', 'PASSWORD', 'e10adc3949ba59abbe56e057f20f883e', 'BINDING');

-- ----------------------------
-- Table structure for t_menu
-- ----------------------------
DROP TABLE IF EXISTS "public"."t_menu";
CREATE TABLE "public"."t_menu" (
  "id" varchar(32) COLLATE "pg_catalog"."default" NOT NULL,
  "menu_no" varchar(45) COLLATE "pg_catalog"."default",
  "module_id" varchar(32) COLLATE "pg_catalog"."default",
  "parent_id" varchar(32) COLLATE "pg_catalog"."default",
  "order_list" int2,
  "name" varchar(50) COLLATE "pg_catalog"."default",
  "url" varchar(200) COLLATE "pg_catalog"."default",
  "icon" varchar(200) COLLATE "pg_catalog"."default",
  "is_visible" bool,
  "is_leaf" bool
)
;
COMMENT ON COLUMN "public"."t_menu"."menu_no" IS '菜单编码';
COMMENT ON COLUMN "public"."t_menu"."module_id" IS '模块ID';
COMMENT ON COLUMN "public"."t_menu"."parent_id" IS '上级ID';
COMMENT ON COLUMN "public"."t_menu"."order_list" IS '排序';
COMMENT ON COLUMN "public"."t_menu"."name" IS '菜单名称';
COMMENT ON COLUMN "public"."t_menu"."url" IS '菜单地址';
COMMENT ON COLUMN "public"."t_menu"."icon" IS '菜单图标';
COMMENT ON COLUMN "public"."t_menu"."is_visible" IS '是否启用';
COMMENT ON COLUMN "public"."t_menu"."is_leaf" IS '是否为叶子节点';
COMMENT ON TABLE "public"."t_menu" IS '实体对象
菜单';

-- ----------------------------
-- Records of t_menu
-- ----------------------------
INSERT INTO "public"."t_menu" VALUES ('15EB0B4009AA47B49D67D134F143A0FB', 'HOME_MENU', NULL, NULL, 1, '首页', '/home', 'icon-home', 't', 'f');
INSERT INTO "public"."t_menu" VALUES ('ABB7DF49050249C7896FAE6A4484768A', 'DASHBOARD', NULL, NULL, 1, '控制面板', '/dashboard', 'dashboard', 't', 'f');
INSERT INTO "public"."t_menu" VALUES ('31D5372098EB45A6B75D32C1F172F2AF', 'DASHBOARD', NULL, NULL, 1, '开放平台', '/open', 'example', 't', 'f');

-- ----------------------------
-- Table structure for t_module
-- ----------------------------
DROP TABLE IF EXISTS "public"."t_module";
CREATE TABLE "public"."t_module" (
  "id" varchar(32) COLLATE "pg_catalog"."default" NOT NULL,
  "module_code" varchar(45) COLLATE "pg_catalog"."default",
  "module_name" varchar(50) COLLATE "pg_catalog"."default",
  "module_desc" varchar(32) COLLATE "pg_catalog"."default",
  "module_icon" varchar(32) COLLATE "pg_catalog"."default",
  "module_url" varchar(32) COLLATE "pg_catalog"."default",
  "app_id" varchar(32) COLLATE "pg_catalog"."default"
)
;
COMMENT ON COLUMN "public"."t_module"."module_code" IS '编码';
COMMENT ON COLUMN "public"."t_module"."module_name" IS '名称';
COMMENT ON COLUMN "public"."t_module"."module_desc" IS '描述';
COMMENT ON COLUMN "public"."t_module"."module_icon" IS '图标';
COMMENT ON COLUMN "public"."t_module"."module_url" IS '地址';
COMMENT ON COLUMN "public"."t_module"."app_id" IS '应用ID';
COMMENT ON TABLE "public"."t_module" IS '实体对象
系统模块';

-- ----------------------------
-- Table structure for t_operator
-- ----------------------------
DROP TABLE IF EXISTS "public"."t_operator";
CREATE TABLE "public"."t_operator" (
  "id" varchar(32) COLLATE "pg_catalog"."default" NOT NULL,
  "people_id" varchar(32) COLLATE "pg_catalog"."default",
  "app_id" varchar(32) COLLATE "pg_catalog"."default"
)
;
COMMENT ON TABLE "public"."t_operator" IS '实体对象
系统操作员';

-- ----------------------------
-- Records of t_operator
-- ----------------------------
INSERT INTO "public"."t_operator" VALUES ('6E654D494B9D44509E42BFE9B3826F21', '4B524870E4134BB3B199BE2929E9EC9A', '8A6153F233854B5E8CF68C5AFBF6C49D');
INSERT INTO "public"."t_operator" VALUES ('9451015A7DCA41D6897BE063CB7D9E8E', '122F7C6824E2411F82C0AD6E1F478E0F', '8A6153F233854B5E8CF68C5AFBF6C49D');
INSERT INTO "public"."t_operator" VALUES ('17FA9F915F1E454489BA341380CEFE3D', 'D3FE8509E0D14C2D9F89EABB039150FB', '8A6153F233854B5E8CF68C5AFBF6C49D');
INSERT INTO "public"."t_operator" VALUES ('8D15F3546E2948F88875330800498311', '1D44974C23554E819FE28FA2F4298277', '8A6153F233854B5E8CF68C5AFBF6C49D');
INSERT INTO "public"."t_operator" VALUES ('9E8E2D8C78214186AA72EA9850B2A7FE', '186823858CF84454AA17FC08D5949374', '8A6153F233854B5E8CF68C5AFBF6C49D');
INSERT INTO "public"."t_operator" VALUES ('2C801B94A923460680A2BE839D6C34E4', 'F7404BB849BF48BCBA1A4A64B8623847', '8A6153F233854B5E8CF68C5AFBF6C49D');
INSERT INTO "public"."t_operator" VALUES ('8D0C912C13DB407FB0F1FFB93F53799E', '400F54C985A74AF4944848640BC1A355', '8A6153F233854B5E8CF68C5AFBF6C49D');
INSERT INTO "public"."t_operator" VALUES ('EAED41F98E044F528E0CE42C93996EC8', '717AD04B52074493B98055320501AA3C', '8A6153F233854B5E8CF68C5AFBF6C49D');
INSERT INTO "public"."t_operator" VALUES ('3FE7289DFB8A4F36989EB29AE6434F22', '47101A959513448D92AF0A372F4664B8', '8A6153F233854B5E8CF68C5AFBF6C49D');
INSERT INTO "public"."t_operator" VALUES ('788D26D97AE641A6B57F761EE1B5E2D1', '7B60F1F835D94423BD4C695B5F4A8284', '8A6153F233854B5E8CF68C5AFBF6C49D');
INSERT INTO "public"."t_operator" VALUES ('C58B2C48FEFC40B5B4F14AC4B5A03051', 'E8A62DE6A232426EB8578DF51CE9403C', '8A6153F233854B5E8CF68C5AFBF6C49D');
INSERT INTO "public"."t_operator" VALUES ('9D17AFF1BE23455F9F017A6886372453', '603D010E40834928AB49FD5FF34F6162', '8A6153F233854B5E8CF68C5AFBF6C49D');
INSERT INTO "public"."t_operator" VALUES ('13F4E5920A414549AF0ADDF9607FF9AE', 'F777E1CD08024AB0853CFBD944044623', '8A6153F233854B5E8CF68C5AFBF6C49D');
INSERT INTO "public"."t_operator" VALUES ('2687C5B9B290473689465EF64A0A5ABB', 'F4983C5109514F0DA824CEF0C94EDF2C', '8A6153F233854B5E8CF68C5AFBF6C49D');
INSERT INTO "public"."t_operator" VALUES ('5E3948935C1D484D9DBA71AF6CD9C75B', '3480855D8FDD4D169EE28292394B0D59', '8A6153F233854B5E8CF68C5AFBF6C49D');
INSERT INTO "public"."t_operator" VALUES ('ADE2CE6832EA4ECBAD58889B8958871A', '2433EBC69CF448FF85C65B53220044CB', '8A6153F233854B5E8CF68C5AFBF6C49D');
INSERT INTO "public"."t_operator" VALUES ('124F4C84ECF04635A84E8185BDBE4CBB', 'FDA72C7042B24AEA9625FD0D839040CE', '8A6153F233854B5E8CF68C5AFBF6C49D');
INSERT INTO "public"."t_operator" VALUES ('C9CAE21BBE154CC6BD47C27B03B32E4A', 'F946AEDEE89542469BB22B0424E71EDF', '8A6153F233854B5E8CF68C5AFBF6C49D');
INSERT INTO "public"."t_operator" VALUES ('7AA1B21A68A54598B2554E19D0688270', 'F329CFC4564D477DB5C8B1217505D632', '8A6153F233854B5E8CF68C5AFBF6C49D');
INSERT INTO "public"."t_operator" VALUES ('DC631F2D02C24D6C8F8171C3D16961FF', 'D16115FCDD6245E6A40665AF8D20F425', '8A6153F233854B5E8CF68C5AFBF6C49D');
INSERT INTO "public"."t_operator" VALUES ('9EAD8660162447B094A6EC02C55DD354', '6D22472F80F742FD890E3F12A104ED7B', '8A6153F233854B5E8CF68C5AFBF6C49D');
INSERT INTO "public"."t_operator" VALUES ('5023AEEFEDB246A188DA7AB464CC71F6', '738283152C0045EE8C01EA5DB5CD6679', '8A6153F233854B5E8CF68C5AFBF6C49D');
INSERT INTO "public"."t_operator" VALUES ('C99A4F125EA94D1FB06C6391196FCF0E', 'E99CC922127E41449BB7F4B1D6ADBFAA', '8A6153F233854B5E8CF68C5AFBF6C49D');
INSERT INTO "public"."t_operator" VALUES ('692FC3B16691451DAF9406F575D205E5', '419B9184AC034113B4991CA037E420E5', '8A6153F233854B5E8CF68C5AFBF6C49D');
INSERT INTO "public"."t_operator" VALUES ('8F8496AE6254481FAE44C7F1FC608493', '9728BD0D203D4D5C92B5671F450D1B94', '8A6153F233854B5E8CF68C5AFBF6C49D');
INSERT INTO "public"."t_operator" VALUES ('4C02176E87D54F6EAA86EA16F6A121C5', '5C64ACDF86054887A9425DAFCA85E76A', '8A6153F233854B5E8CF68C5AFBF6C49D');
INSERT INTO "public"."t_operator" VALUES ('667CCC16C00C418592B3F65BE9F2D70E', 'E1363F8EA2E34C17A7FC80F23BE35BC4', '8A6153F233854B5E8CF68C5AFBF6C49D');
INSERT INTO "public"."t_operator" VALUES ('E3E5F6F6F2B9409FA20653AFDF19AC05', '00EF3B8F73A34D6086784FDC27E62553', '8A6153F233854B5E8CF68C5AFBF6C49D');
INSERT INTO "public"."t_operator" VALUES ('9AF68C74D3584290BAE9180BA8A63327', '91336088C63C4DFCA41BDF04A8A87822', '8A6153F233854B5E8CF68C5AFBF6C49D');
INSERT INTO "public"."t_operator" VALUES ('0C28F41523F54E3291F1E19D75DF1BC6', '1AE34FF85D8C47E89A1CA67729B5D84E', '8A6153F233854B5E8CF68C5AFBF6C49D');
INSERT INTO "public"."t_operator" VALUES ('1789DD3458014DDAA61815617AFF9120', '6E2C3EF15B50403ABE5E0F19BD18C6BB', '8A6153F233854B5E8CF68C5AFBF6C49D');
INSERT INTO "public"."t_operator" VALUES ('84DC4BAAE5574E7D8B32D4A56691BB37', '01AF6AB74C664D328D4D374BAED39F22', '8A6153F233854B5E8CF68C5AFBF6C49D');
INSERT INTO "public"."t_operator" VALUES ('93A868D04BCC4F6B9CF54B1C0F291905', '5CCECEEC50CF446B9BD83D125BDDE8C8', '8A6153F233854B5E8CF68C5AFBF6C49D');
INSERT INTO "public"."t_operator" VALUES ('2E4056E947954247A925A287990A7353', 'E08588EA43444E65A423A35D2723A2CC', '8A6153F233854B5E8CF68C5AFBF6C49D');
INSERT INTO "public"."t_operator" VALUES ('1F49F7626AA54FC581EB28583ADA7951', '429F38625CA342398AB28E5EBEC6CE77', '8A6153F233854B5E8CF68C5AFBF6C49D');
INSERT INTO "public"."t_operator" VALUES ('2905E92039C84B5B8D523551DEA95F12', '063E94DF9FAD4112BDBAF10E53664623', '8A6153F233854B5E8CF68C5AFBF6C49D');
INSERT INTO "public"."t_operator" VALUES ('C1A416009BF8441882B81CEEEA61C692', 'B81F04B0DE37438C9249287C5935B5DC', '8A6153F233854B5E8CF68C5AFBF6C49D');
INSERT INTO "public"."t_operator" VALUES ('69CA57395F9C489384979C2ED9F6E3DA', '15C0B9EF8C3F40EAA1B127116AB7F954', '8A6153F233854B5E8CF68C5AFBF6C49D');
INSERT INTO "public"."t_operator" VALUES ('6EE1A1C220994A97BDCEF320C7232762', '5DCA655E4C0643ABA71CA150EDE387B4', '8A6153F233854B5E8CF68C5AFBF6C49D');
INSERT INTO "public"."t_operator" VALUES ('C80A5F712C4C431DB75C4CAFA2514354', 'CF4CD529281E4E77A3B1EF1836D73863', '8A6153F233854B5E8CF68C5AFBF6C49D');
INSERT INTO "public"."t_operator" VALUES ('9D406969BBD3425AA826A143EB83B4E0', '1B63EFFBA1E94E47888EDD93F10D19B2', '8A6153F233854B5E8CF68C5AFBF6C49D');
INSERT INTO "public"."t_operator" VALUES ('B2299C961D20458CAE8A30F9085EA353', '2098AC5D8CAE4803803A9A1589D8938B', '8A6153F233854B5E8CF68C5AFBF6C49D');
INSERT INTO "public"."t_operator" VALUES ('485A4875955E4648A8C599957877C57D', 'EF09888F7B9E4008897A35EFE26098B6', '8A6153F233854B5E8CF68C5AFBF6C49D');
INSERT INTO "public"."t_operator" VALUES ('7988734B3A9747F9B7CBA8BB1D57B6E8', '4A33BB668ADB4444BCBC054A69967CBE', '8A6153F233854B5E8CF68C5AFBF6C49D');
INSERT INTO "public"."t_operator" VALUES ('EB75A5F7331844D1B86009B17AFCF74E', '479F12E95C274B38AA53DB8EBD6E98A9', '8A6153F233854B5E8CF68C5AFBF6C49D');
INSERT INTO "public"."t_operator" VALUES ('7646B2FF485B49F496E4ECD9665EB7AD', '87BC67F12B044392A9398B0714A7809C', '8A6153F233854B5E8CF68C5AFBF6C49D');
INSERT INTO "public"."t_operator" VALUES ('DD99002D53C741A8BF260337454A5B56', '3C4A6CC331CE4C2E82C70858C685F1D7', '8A6153F233854B5E8CF68C5AFBF6C49D');
INSERT INTO "public"."t_operator" VALUES ('B0B7788D62784FB0958E8C8538A129BD', 'C0B3B891D838450E98DEB845187EFE88', '8A6153F233854B5E8CF68C5AFBF6C49D');
INSERT INTO "public"."t_operator" VALUES ('08CF6CF15D7343ABAB43543AE3DA2910', 'F1095F6B67284F0694B8A2F7F2EFFF0B', '8A6153F233854B5E8CF68C5AFBF6C49D');
INSERT INTO "public"."t_operator" VALUES ('289D96C45135412C8BB8045E7BBB524C', 'B9C51878F52E4D18A6E7D51BA5C7BEBA', '8A6153F233854B5E8CF68C5AFBF6C49D');
INSERT INTO "public"."t_operator" VALUES ('42667D6F22454902BDAC398D4F778BDE', 'D6971E20ECEE4A51A3275E091E686D7A', '8A6153F233854B5E8CF68C5AFBF6C49D');
INSERT INTO "public"."t_operator" VALUES ('F88A95C527C140A58939EBCC0D894AB6', '2E44A0A590BA4F1D9AE41A1C97F9D92F', '8A6153F233854B5E8CF68C5AFBF6C49D');
INSERT INTO "public"."t_operator" VALUES ('9F273820AB0E4CA695E0463B52C3D479', '728C7AF55EA744A7943E55BCAF6358FB', '8A6153F233854B5E8CF68C5AFBF6C49D');
INSERT INTO "public"."t_operator" VALUES ('B012FEA6877C42019322C0FCDE193206', 'D23C8CBBB494435EAB190BE32F71EE49', '8A6153F233854B5E8CF68C5AFBF6C49D');
INSERT INTO "public"."t_operator" VALUES ('C434922162EC4A03A58D1FF6B931F398', '7BDE812EA4224DF09E93B9642FDBEAE8', '8A6153F233854B5E8CF68C5AFBF6C49D');
INSERT INTO "public"."t_operator" VALUES ('ED3FE963A7D04280803A6FB444CD44B4', '483A0F34FCDA4B4F90073FE035300B6B', '8A6153F233854B5E8CF68C5AFBF6C49D');
INSERT INTO "public"."t_operator" VALUES ('D5809095D2074DEEB8363D972842B385', '96CDBE4B003443FEB6E9148B6E0F839F', '8A6153F233854B5E8CF68C5AFBF6C49D');
INSERT INTO "public"."t_operator" VALUES ('A619CE6177BC4A789FC60480F25BB339', '6E60422B3CBA4BC8B2FB05008DC16D6F', '8A6153F233854B5E8CF68C5AFBF6C49D');
INSERT INTO "public"."t_operator" VALUES ('88A2E4106764431FA7499E5CC69B8BF2', '80DA40540CD1458DA3338077FF45AE18', '8A6153F233854B5E8CF68C5AFBF6C49D');
INSERT INTO "public"."t_operator" VALUES ('007BB7D65B7F4DA0A3BFB59FE036ABDE', 'C64EBAF6F32B4E44992F420BBC440A1F', '8A6153F233854B5E8CF68C5AFBF6C49D');
INSERT INTO "public"."t_operator" VALUES ('785C36F0B1C74BCEB3E014E836DDA113', 'E19F85A2138144F98FDD71DD872664AF', '8A6153F233854B5E8CF68C5AFBF6C49D');
INSERT INTO "public"."t_operator" VALUES ('71C4E32A3DAC4BBDA70340CC3C039621', '986EDE6674AB4BE49589A5B01FDDDE47', '8A6153F233854B5E8CF68C5AFBF6C49D');
INSERT INTO "public"."t_operator" VALUES ('4D5F1DA8D202456D80959D6CB3B62E25', 'CC39EC6C927148678B4485F00F6B3E0F', '8A6153F233854B5E8CF68C5AFBF6C49D');
INSERT INTO "public"."t_operator" VALUES ('D49BDED6E0A14CF58A84C0978ABA6221', '678D0F5433704E8894139DB1BCFC83F2', '8A6153F233854B5E8CF68C5AFBF6C49D');
INSERT INTO "public"."t_operator" VALUES ('6E4BBB6E943B405CBBDCA5FC98D17453', 'C78BC19EB4DB4355B1EF72F453CA426F', '8A6153F233854B5E8CF68C5AFBF6C49D');
INSERT INTO "public"."t_operator" VALUES ('286A21412B4E4E6FA8871CA42CA72F23', '74863613399348169FB8A108F0AA7593', '8A6153F233854B5E8CF68C5AFBF6C49D');
INSERT INTO "public"."t_operator" VALUES ('2DC1A4D7DF6B48EE96C780AF6D98CC05', '94296404FD764BC3A6E8C1BCE382F29F', '8A6153F233854B5E8CF68C5AFBF6C49D');
INSERT INTO "public"."t_operator" VALUES ('3740688BF7334E0395BD42E0A6F2D736', '8AF41218293D436BBD43811E4141DC82', '8A6153F233854B5E8CF68C5AFBF6C49D');
INSERT INTO "public"."t_operator" VALUES ('1B83A1A28355464694BA4E6CE97E1365', '08B28D02C7A34F64AC8EB0FB928897A4', '8A6153F233854B5E8CF68C5AFBF6C49D');
INSERT INTO "public"."t_operator" VALUES ('DD21DE6309B840288795C3FFB1A08915', '42043C5070794A979ED4B4303D47490F', '8A6153F233854B5E8CF68C5AFBF6C49D');
INSERT INTO "public"."t_operator" VALUES ('6C61CAABE1704C03BF5B9FC7EEC3C3F1', 'BBCAFFD99B204004B595A4D0A87E07C9', '8A6153F233854B5E8CF68C5AFBF6C49D');
INSERT INTO "public"."t_operator" VALUES ('21AF18E3ACAB4BD19D09395FC129D27D', '577029B327A241D197B925E17049B8BA', '8A6153F233854B5E8CF68C5AFBF6C49D');
INSERT INTO "public"."t_operator" VALUES ('B1B7FA4285674933ABDAF0B0C68EFC0B', 'DA955D85B32C4220AAF0373CF7DAD91B', '8A6153F233854B5E8CF68C5AFBF6C49D');
INSERT INTO "public"."t_operator" VALUES ('57405474A0654DE598FFC9FDA5DD97A0', '223C7C2FA6B74D728D35704E67105939', '8A6153F233854B5E8CF68C5AFBF6C49D');
INSERT INTO "public"."t_operator" VALUES ('8A8CA36A1F6345E78490A8A979127721', '166A06B547CE4D3E921EFF5295A00EE9', '8A6153F233854B5E8CF68C5AFBF6C49D');
INSERT INTO "public"."t_operator" VALUES ('50B88E738A494E85A50C7202DDB3A0E4', 'E8C39AF549C04860B2FDB1B61CCF2211', '8A6153F233854B5E8CF68C5AFBF6C49D');
INSERT INTO "public"."t_operator" VALUES ('60B726677C154677985C78528D41BE66', '54FEB6A3D4294F99A3DD46C9D815CEC2', '8A6153F233854B5E8CF68C5AFBF6C49D');
INSERT INTO "public"."t_operator" VALUES ('462A37C33EE944C09064ED3808B09ADD', 'B78ED50948484CABA4226FD317AE71B5', '8A6153F233854B5E8CF68C5AFBF6C49D');
INSERT INTO "public"."t_operator" VALUES ('E47EEB118D524569BC92B309D31F9AA4', '0E6B22B2261C4F33B7EBAAB74F932040', '8A6153F233854B5E8CF68C5AFBF6C49D');
INSERT INTO "public"."t_operator" VALUES ('04F3780F19694157BEBF1E87D3F4814A', 'B852B20E22FE4798B8E2BE1487B13B1D', '8A6153F233854B5E8CF68C5AFBF6C49D');
INSERT INTO "public"."t_operator" VALUES ('B603EB801D414BF491089E02D67FF0B7', '4CFFFA2CB0EE46CD99DA71198AAC5A67', '8A6153F233854B5E8CF68C5AFBF6C49D');
INSERT INTO "public"."t_operator" VALUES ('41BFA54FABD940E3801DEA73EFA028B0', '3A920E8DC6A2432992E2EC79E0C8EE02', '8A6153F233854B5E8CF68C5AFBF6C49D');
INSERT INTO "public"."t_operator" VALUES ('5A5B3C425EC34B0D8004CEEDEC69707C', '75E938F3802D4776A6AEBBD91E01A890', '8A6153F233854B5E8CF68C5AFBF6C49D');
INSERT INTO "public"."t_operator" VALUES ('8B58CCE69ED145C7BAE43B9238B80BA4', '9BA824CAEF8749B79557B17C7BC881F3', '8A6153F233854B5E8CF68C5AFBF6C49D');
INSERT INTO "public"."t_operator" VALUES ('F0C7CD16803D4A6EBC9ED7B6772EF26E', '8D5B088005564AA1BB891AAE1964935B', '8A6153F233854B5E8CF68C5AFBF6C49D');
INSERT INTO "public"."t_operator" VALUES ('2DBD2C070A8E4F3F918F4709F2AD84B9', 'A6B0725FF8CD4D53B9104C32060F5E46', '8A6153F233854B5E8CF68C5AFBF6C49D');
INSERT INTO "public"."t_operator" VALUES ('23B6444DCEC048769085D942C2D46704', 'C003ABC463244B6B8F3FF151083618BC', '8A6153F233854B5E8CF68C5AFBF6C49D');
INSERT INTO "public"."t_operator" VALUES ('A40940599BC747AEB62E37E8A590211D', 'D8F444CB907A4A6BB1F7D2990CDCBF3B', '8A6153F233854B5E8CF68C5AFBF6C49D');
INSERT INTO "public"."t_operator" VALUES ('2E74B27B0E47488A838ED85C18DAA243', '5081A232245145CBA656115B168599D0', '8A6153F233854B5E8CF68C5AFBF6C49D');
INSERT INTO "public"."t_operator" VALUES ('4F587825830D484D8C429A6ADD18B942', '77F8239B9D004B47A0F91AE39EA03D27', '8A6153F233854B5E8CF68C5AFBF6C49D');
INSERT INTO "public"."t_operator" VALUES ('A722DB26612B492295FD5D73A4B02579', '2B7309D2B36E4EF68A53E581D457B9EF', '8A6153F233854B5E8CF68C5AFBF6C49D');
INSERT INTO "public"."t_operator" VALUES ('860F940E087B41BAB3185BD992945AAC', 'FC92459739EF468A9FE60F29F50362AC', '8A6153F233854B5E8CF68C5AFBF6C49D');
INSERT INTO "public"."t_operator" VALUES ('6C2F4D14E56544779B280ABA348C7053', 'B7DF16F47BDC4AE5823D388648059F0E', '8A6153F233854B5E8CF68C5AFBF6C49D');
INSERT INTO "public"."t_operator" VALUES ('D58D9FFE94374205A37982BBC28F8B62', '25FCDC0F453F4B15BE0D3F1C8B724151', '8A6153F233854B5E8CF68C5AFBF6C49D');
INSERT INTO "public"."t_operator" VALUES ('5AD556D46C0C49B7B3F31326F6800E71', 'C116EE77B6A54A75A92E8546982A6177', '8A6153F233854B5E8CF68C5AFBF6C49D');
INSERT INTO "public"."t_operator" VALUES ('61996F13906843929E437879CB258C8E', 'A2ED7BAC6CCF483E9EEB74FF3B7ECBC9', '8A6153F233854B5E8CF68C5AFBF6C49D');
INSERT INTO "public"."t_operator" VALUES ('3FEDFA820F4148D29FFD2E17F33E3277', '9097B01785C94EFBBF37F371042751B7', '8A6153F233854B5E8CF68C5AFBF6C49D');
INSERT INTO "public"."t_operator" VALUES ('16E5E09714424FAC818C26A8F44875A3', '1C9BAEDF56BB47F280CD9AB42FC9A6EB', '8A6153F233854B5E8CF68C5AFBF6C49D');
INSERT INTO "public"."t_operator" VALUES ('58A9A0D153CC4EAA9B06C907AEC1AF17', '717FA4B7EA7A43E888D960E71FA3FC88', '8A6153F233854B5E8CF68C5AFBF6C49D');
INSERT INTO "public"."t_operator" VALUES ('81C4F805B4954188B364106CFC80E4C5', '1BBE8B3ACB814C5EA6ACFA667F7E5AD9', '8A6153F233854B5E8CF68C5AFBF6C49D');
INSERT INTO "public"."t_operator" VALUES ('C903805202854811991EF0C50A8240F8', 'F4B2F778E3E64373AD31F9FEFF3DA17E', '8A6153F233854B5E8CF68C5AFBF6C49D');
INSERT INTO "public"."t_operator" VALUES ('91B41FBFF19148B9970987E8ACEAB2E1', '49FD1C5A3B8B4A01859D0DA1192CA049', '8A6153F233854B5E8CF68C5AFBF6C49D');

-- ----------------------------
-- Table structure for t_operator_attr
-- ----------------------------
DROP TABLE IF EXISTS "public"."t_operator_attr";
CREATE TABLE "public"."t_operator_attr" (
  "operator_id" varchar(32) COLLATE "pg_catalog"."default" NOT NULL,
  "name" varchar(32) COLLATE "pg_catalog"."default",
  "value" varchar(255) COLLATE "pg_catalog"."default",
  "sort" int2
)
;
COMMENT ON TABLE "public"."t_operator_attr" IS '操作员属性';

-- ----------------------------
-- Records of t_operator_attr
-- ----------------------------
INSERT INTO "public"."t_operator_attr" VALUES ('19002FB7B85B4FE58363610F7DF5BDEF', 'sex', 'MAIL', 1);
INSERT INTO "public"."t_operator_attr" VALUES ('19002FB7B85B4FE58363610F7DF5BDEF', 'nickName', 'Juck', 1);
INSERT INTO "public"."t_operator_attr" VALUES ('19002FB7B85B4FE58363610F7DF5BDEF', 'icon', 'https://file.ccuol.cn/%E5%9B%BE%E7%89%87.png', 1);
INSERT INTO "public"."t_operator_attr" VALUES ('19002FB7B85B4FE58363610F7DF5BDEF', 'age', '18', 1);
INSERT INTO "public"."t_operator_attr" VALUES ('17FA9F915F1E454489BA341380CEFE3D', 'sex', 'MAN', 1);
INSERT INTO "public"."t_operator_attr" VALUES ('17FA9F915F1E454489BA341380CEFE3D', 'nickName', 'Sys202', 1);
INSERT INTO "public"."t_operator_attr" VALUES ('17FA9F915F1E454489BA341380CEFE3D', 'icon', 'https://file.ccuol.cn/%E5%9B%BE%E7%89%87.png', 1);
INSERT INTO "public"."t_operator_attr" VALUES ('17FA9F915F1E454489BA341380CEFE3D', 'age', '202', 1);
INSERT INTO "public"."t_operator_attr" VALUES ('8D15F3546E2948F88875330800498311', 'sex', 'WOMAN', 1);
INSERT INTO "public"."t_operator_attr" VALUES ('8D15F3546E2948F88875330800498311', 'nickName', 'Sys201', 1);
INSERT INTO "public"."t_operator_attr" VALUES ('8D15F3546E2948F88875330800498311', 'icon', 'https://file.ccuol.cn/%E5%9B%BE%E7%89%87.png', 1);
INSERT INTO "public"."t_operator_attr" VALUES ('8D15F3546E2948F88875330800498311', 'age', '201', 1);
INSERT INTO "public"."t_operator_attr" VALUES ('9E8E2D8C78214186AA72EA9850B2A7FE', 'sex', 'MAN', 1);
INSERT INTO "public"."t_operator_attr" VALUES ('9E8E2D8C78214186AA72EA9850B2A7FE', 'nickName', 'Sys200', 1);
INSERT INTO "public"."t_operator_attr" VALUES ('9E8E2D8C78214186AA72EA9850B2A7FE', 'icon', 'https://file.ccuol.cn/%E5%9B%BE%E7%89%87.png', 1);
INSERT INTO "public"."t_operator_attr" VALUES ('9E8E2D8C78214186AA72EA9850B2A7FE', 'age', '200', 1);
INSERT INTO "public"."t_operator_attr" VALUES ('2C801B94A923460680A2BE839D6C34E4', 'sex', 'WOMAN', 1);
INSERT INTO "public"."t_operator_attr" VALUES ('2C801B94A923460680A2BE839D6C34E4', 'nickName', 'Sys199', 1);
INSERT INTO "public"."t_operator_attr" VALUES ('2C801B94A923460680A2BE839D6C34E4', 'icon', 'https://file.ccuol.cn/%E5%9B%BE%E7%89%87.png', 1);
INSERT INTO "public"."t_operator_attr" VALUES ('2C801B94A923460680A2BE839D6C34E4', 'age', '199', 1);
INSERT INTO "public"."t_operator_attr" VALUES ('8D0C912C13DB407FB0F1FFB93F53799E', 'sex', 'MAN', 1);
INSERT INTO "public"."t_operator_attr" VALUES ('8D0C912C13DB407FB0F1FFB93F53799E', 'nickName', 'Sys198', 1);
INSERT INTO "public"."t_operator_attr" VALUES ('8D0C912C13DB407FB0F1FFB93F53799E', 'icon', 'https://file.ccuol.cn/%E5%9B%BE%E7%89%87.png', 1);
INSERT INTO "public"."t_operator_attr" VALUES ('8D0C912C13DB407FB0F1FFB93F53799E', 'age', '198', 1);
INSERT INTO "public"."t_operator_attr" VALUES ('EAED41F98E044F528E0CE42C93996EC8', 'sex', 'WOMAN', 1);
INSERT INTO "public"."t_operator_attr" VALUES ('EAED41F98E044F528E0CE42C93996EC8', 'nickName', 'Sys197', 1);
INSERT INTO "public"."t_operator_attr" VALUES ('EAED41F98E044F528E0CE42C93996EC8', 'icon', 'https://file.ccuol.cn/%E5%9B%BE%E7%89%87.png', 1);
INSERT INTO "public"."t_operator_attr" VALUES ('EAED41F98E044F528E0CE42C93996EC8', 'age', '197', 1);
INSERT INTO "public"."t_operator_attr" VALUES ('3FE7289DFB8A4F36989EB29AE6434F22', 'sex', 'MAN', 1);
INSERT INTO "public"."t_operator_attr" VALUES ('3FE7289DFB8A4F36989EB29AE6434F22', 'nickName', 'Sys196', 1);
INSERT INTO "public"."t_operator_attr" VALUES ('3FE7289DFB8A4F36989EB29AE6434F22', 'icon', 'https://file.ccuol.cn/%E5%9B%BE%E7%89%87.png', 1);
INSERT INTO "public"."t_operator_attr" VALUES ('3FE7289DFB8A4F36989EB29AE6434F22', 'age', '196', 1);
INSERT INTO "public"."t_operator_attr" VALUES ('788D26D97AE641A6B57F761EE1B5E2D1', 'sex', 'WOMAN', 1);
INSERT INTO "public"."t_operator_attr" VALUES ('788D26D97AE641A6B57F761EE1B5E2D1', 'nickName', 'Sys195', 1);
INSERT INTO "public"."t_operator_attr" VALUES ('788D26D97AE641A6B57F761EE1B5E2D1', 'icon', 'https://file.ccuol.cn/%E5%9B%BE%E7%89%87.png', 1);
INSERT INTO "public"."t_operator_attr" VALUES ('788D26D97AE641A6B57F761EE1B5E2D1', 'age', '195', 1);
INSERT INTO "public"."t_operator_attr" VALUES ('C58B2C48FEFC40B5B4F14AC4B5A03051', 'sex', 'WOMAN', 1);
INSERT INTO "public"."t_operator_attr" VALUES ('C58B2C48FEFC40B5B4F14AC4B5A03051', 'nickName', 'Sys193', 1);
INSERT INTO "public"."t_operator_attr" VALUES ('C58B2C48FEFC40B5B4F14AC4B5A03051', 'icon', 'https://file.ccuol.cn/%E5%9B%BE%E7%89%87.png', 1);
INSERT INTO "public"."t_operator_attr" VALUES ('C58B2C48FEFC40B5B4F14AC4B5A03051', 'age', '193', 1);
INSERT INTO "public"."t_operator_attr" VALUES ('9D17AFF1BE23455F9F017A6886372453', 'sex', 'MAN', 1);
INSERT INTO "public"."t_operator_attr" VALUES ('9D17AFF1BE23455F9F017A6886372453', 'nickName', 'Sys192', 1);
INSERT INTO "public"."t_operator_attr" VALUES ('9D17AFF1BE23455F9F017A6886372453', 'icon', 'https://file.ccuol.cn/%E5%9B%BE%E7%89%87.png', 1);
INSERT INTO "public"."t_operator_attr" VALUES ('9D17AFF1BE23455F9F017A6886372453', 'age', '192', 1);
INSERT INTO "public"."t_operator_attr" VALUES ('13F4E5920A414549AF0ADDF9607FF9AE', 'sex', 'WOMAN', 1);
INSERT INTO "public"."t_operator_attr" VALUES ('13F4E5920A414549AF0ADDF9607FF9AE', 'nickName', 'Sys191', 1);
INSERT INTO "public"."t_operator_attr" VALUES ('13F4E5920A414549AF0ADDF9607FF9AE', 'icon', 'https://file.ccuol.cn/%E5%9B%BE%E7%89%87.png', 1);
INSERT INTO "public"."t_operator_attr" VALUES ('13F4E5920A414549AF0ADDF9607FF9AE', 'age', '191', 1);
INSERT INTO "public"."t_operator_attr" VALUES ('2687C5B9B290473689465EF64A0A5ABB', 'sex', 'MAN', 1);
INSERT INTO "public"."t_operator_attr" VALUES ('2687C5B9B290473689465EF64A0A5ABB', 'nickName', 'Sys190', 1);
INSERT INTO "public"."t_operator_attr" VALUES ('2687C5B9B290473689465EF64A0A5ABB', 'icon', 'https://file.ccuol.cn/%E5%9B%BE%E7%89%87.png', 1);
INSERT INTO "public"."t_operator_attr" VALUES ('2687C5B9B290473689465EF64A0A5ABB', 'age', '190', 1);
INSERT INTO "public"."t_operator_attr" VALUES ('5E3948935C1D484D9DBA71AF6CD9C75B', 'sex', 'WOMAN', 1);
INSERT INTO "public"."t_operator_attr" VALUES ('5E3948935C1D484D9DBA71AF6CD9C75B', 'nickName', 'Sys189', 1);
INSERT INTO "public"."t_operator_attr" VALUES ('5E3948935C1D484D9DBA71AF6CD9C75B', 'icon', 'https://file.ccuol.cn/%E5%9B%BE%E7%89%87.png', 1);
INSERT INTO "public"."t_operator_attr" VALUES ('5E3948935C1D484D9DBA71AF6CD9C75B', 'age', '189', 1);
INSERT INTO "public"."t_operator_attr" VALUES ('ADE2CE6832EA4ECBAD58889B8958871A', 'sex', 'MAN', 1);
INSERT INTO "public"."t_operator_attr" VALUES ('ADE2CE6832EA4ECBAD58889B8958871A', 'nickName', 'Sys188', 1);
INSERT INTO "public"."t_operator_attr" VALUES ('ADE2CE6832EA4ECBAD58889B8958871A', 'icon', 'https://file.ccuol.cn/%E5%9B%BE%E7%89%87.png', 1);
INSERT INTO "public"."t_operator_attr" VALUES ('ADE2CE6832EA4ECBAD58889B8958871A', 'age', '188', 1);
INSERT INTO "public"."t_operator_attr" VALUES ('124F4C84ECF04635A84E8185BDBE4CBB', 'sex', 'WOMAN', 1);
INSERT INTO "public"."t_operator_attr" VALUES ('124F4C84ECF04635A84E8185BDBE4CBB', 'nickName', 'Sys187', 1);
INSERT INTO "public"."t_operator_attr" VALUES ('124F4C84ECF04635A84E8185BDBE4CBB', 'icon', 'https://file.ccuol.cn/%E5%9B%BE%E7%89%87.png', 1);
INSERT INTO "public"."t_operator_attr" VALUES ('124F4C84ECF04635A84E8185BDBE4CBB', 'age', '187', 1);
INSERT INTO "public"."t_operator_attr" VALUES ('C9CAE21BBE154CC6BD47C27B03B32E4A', 'sex', 'MAN', 1);
INSERT INTO "public"."t_operator_attr" VALUES ('C9CAE21BBE154CC6BD47C27B03B32E4A', 'nickName', 'Sys186', 1);
INSERT INTO "public"."t_operator_attr" VALUES ('C9CAE21BBE154CC6BD47C27B03B32E4A', 'icon', 'https://file.ccuol.cn/%E5%9B%BE%E7%89%87.png', 1);
INSERT INTO "public"."t_operator_attr" VALUES ('C9CAE21BBE154CC6BD47C27B03B32E4A', 'age', '186', 1);
INSERT INTO "public"."t_operator_attr" VALUES ('7AA1B21A68A54598B2554E19D0688270', 'sex', 'WOMAN', 1);
INSERT INTO "public"."t_operator_attr" VALUES ('7AA1B21A68A54598B2554E19D0688270', 'nickName', 'Sys185', 1);
INSERT INTO "public"."t_operator_attr" VALUES ('7AA1B21A68A54598B2554E19D0688270', 'icon', 'https://file.ccuol.cn/%E5%9B%BE%E7%89%87.png', 1);
INSERT INTO "public"."t_operator_attr" VALUES ('7AA1B21A68A54598B2554E19D0688270', 'age', '185', 1);
INSERT INTO "public"."t_operator_attr" VALUES ('DC631F2D02C24D6C8F8171C3D16961FF', 'sex', 'MAN', 1);
INSERT INTO "public"."t_operator_attr" VALUES ('DC631F2D02C24D6C8F8171C3D16961FF', 'nickName', 'Sys184', 1);
INSERT INTO "public"."t_operator_attr" VALUES ('DC631F2D02C24D6C8F8171C3D16961FF', 'icon', 'https://file.ccuol.cn/%E5%9B%BE%E7%89%87.png', 1);
INSERT INTO "public"."t_operator_attr" VALUES ('DC631F2D02C24D6C8F8171C3D16961FF', 'age', '184', 1);
INSERT INTO "public"."t_operator_attr" VALUES ('9EAD8660162447B094A6EC02C55DD354', 'sex', 'WOMAN', 1);
INSERT INTO "public"."t_operator_attr" VALUES ('9EAD8660162447B094A6EC02C55DD354', 'nickName', 'Sys183', 1);
INSERT INTO "public"."t_operator_attr" VALUES ('9EAD8660162447B094A6EC02C55DD354', 'icon', 'https://file.ccuol.cn/%E5%9B%BE%E7%89%87.png', 1);
INSERT INTO "public"."t_operator_attr" VALUES ('9EAD8660162447B094A6EC02C55DD354', 'age', '183', 1);
INSERT INTO "public"."t_operator_attr" VALUES ('5023AEEFEDB246A188DA7AB464CC71F6', 'sex', 'MAN', 1);
INSERT INTO "public"."t_operator_attr" VALUES ('5023AEEFEDB246A188DA7AB464CC71F6', 'nickName', 'Sys182', 1);
INSERT INTO "public"."t_operator_attr" VALUES ('5023AEEFEDB246A188DA7AB464CC71F6', 'icon', 'https://file.ccuol.cn/%E5%9B%BE%E7%89%87.png', 1);
INSERT INTO "public"."t_operator_attr" VALUES ('5023AEEFEDB246A188DA7AB464CC71F6', 'age', '182', 1);
INSERT INTO "public"."t_operator_attr" VALUES ('C99A4F125EA94D1FB06C6391196FCF0E', 'sex', 'WOMAN', 1);
INSERT INTO "public"."t_operator_attr" VALUES ('C99A4F125EA94D1FB06C6391196FCF0E', 'nickName', 'Sys181', 1);
INSERT INTO "public"."t_operator_attr" VALUES ('C99A4F125EA94D1FB06C6391196FCF0E', 'icon', 'https://file.ccuol.cn/%E5%9B%BE%E7%89%87.png', 1);
INSERT INTO "public"."t_operator_attr" VALUES ('C99A4F125EA94D1FB06C6391196FCF0E', 'age', '181', 1);
INSERT INTO "public"."t_operator_attr" VALUES ('692FC3B16691451DAF9406F575D205E5', 'sex', 'MAN', 1);
INSERT INTO "public"."t_operator_attr" VALUES ('692FC3B16691451DAF9406F575D205E5', 'nickName', 'Sys180', 1);
INSERT INTO "public"."t_operator_attr" VALUES ('692FC3B16691451DAF9406F575D205E5', 'icon', 'https://file.ccuol.cn/%E5%9B%BE%E7%89%87.png', 1);
INSERT INTO "public"."t_operator_attr" VALUES ('692FC3B16691451DAF9406F575D205E5', 'age', '180', 1);
INSERT INTO "public"."t_operator_attr" VALUES ('8F8496AE6254481FAE44C7F1FC608493', 'sex', 'WOMAN', 1);
INSERT INTO "public"."t_operator_attr" VALUES ('8F8496AE6254481FAE44C7F1FC608493', 'nickName', 'Sys179', 1);
INSERT INTO "public"."t_operator_attr" VALUES ('8F8496AE6254481FAE44C7F1FC608493', 'icon', 'https://file.ccuol.cn/%E5%9B%BE%E7%89%87.png', 1);
INSERT INTO "public"."t_operator_attr" VALUES ('8F8496AE6254481FAE44C7F1FC608493', 'age', '179', 1);
INSERT INTO "public"."t_operator_attr" VALUES ('4C02176E87D54F6EAA86EA16F6A121C5', 'sex', 'MAN', 1);
INSERT INTO "public"."t_operator_attr" VALUES ('4C02176E87D54F6EAA86EA16F6A121C5', 'nickName', 'Sys178', 1);
INSERT INTO "public"."t_operator_attr" VALUES ('4C02176E87D54F6EAA86EA16F6A121C5', 'icon', 'https://file.ccuol.cn/%E5%9B%BE%E7%89%87.png', 1);
INSERT INTO "public"."t_operator_attr" VALUES ('4C02176E87D54F6EAA86EA16F6A121C5', 'age', '178', 1);
INSERT INTO "public"."t_operator_attr" VALUES ('667CCC16C00C418592B3F65BE9F2D70E', 'sex', 'WOMAN', 1);
INSERT INTO "public"."t_operator_attr" VALUES ('667CCC16C00C418592B3F65BE9F2D70E', 'nickName', 'Sys177', 1);
INSERT INTO "public"."t_operator_attr" VALUES ('667CCC16C00C418592B3F65BE9F2D70E', 'icon', 'https://file.ccuol.cn/%E5%9B%BE%E7%89%87.png', 1);
INSERT INTO "public"."t_operator_attr" VALUES ('667CCC16C00C418592B3F65BE9F2D70E', 'age', '177', 1);
INSERT INTO "public"."t_operator_attr" VALUES ('E3E5F6F6F2B9409FA20653AFDF19AC05', 'sex', 'MAN', 1);
INSERT INTO "public"."t_operator_attr" VALUES ('E3E5F6F6F2B9409FA20653AFDF19AC05', 'nickName', 'Sys176', 1);
INSERT INTO "public"."t_operator_attr" VALUES ('E3E5F6F6F2B9409FA20653AFDF19AC05', 'icon', 'https://file.ccuol.cn/%E5%9B%BE%E7%89%87.png', 1);
INSERT INTO "public"."t_operator_attr" VALUES ('E3E5F6F6F2B9409FA20653AFDF19AC05', 'age', '176', 1);
INSERT INTO "public"."t_operator_attr" VALUES ('9AF68C74D3584290BAE9180BA8A63327', 'sex', 'WOMAN', 1);
INSERT INTO "public"."t_operator_attr" VALUES ('9AF68C74D3584290BAE9180BA8A63327', 'nickName', 'Sys175', 1);
INSERT INTO "public"."t_operator_attr" VALUES ('9AF68C74D3584290BAE9180BA8A63327', 'icon', 'https://file.ccuol.cn/%E5%9B%BE%E7%89%87.png', 1);
INSERT INTO "public"."t_operator_attr" VALUES ('9AF68C74D3584290BAE9180BA8A63327', 'age', '175', 1);
INSERT INTO "public"."t_operator_attr" VALUES ('0C28F41523F54E3291F1E19D75DF1BC6', 'sex', 'MAN', 1);
INSERT INTO "public"."t_operator_attr" VALUES ('0C28F41523F54E3291F1E19D75DF1BC6', 'nickName', 'Sys174', 1);
INSERT INTO "public"."t_operator_attr" VALUES ('0C28F41523F54E3291F1E19D75DF1BC6', 'icon', 'https://file.ccuol.cn/%E5%9B%BE%E7%89%87.png', 1);
INSERT INTO "public"."t_operator_attr" VALUES ('0C28F41523F54E3291F1E19D75DF1BC6', 'age', '174', 1);
INSERT INTO "public"."t_operator_attr" VALUES ('1789DD3458014DDAA61815617AFF9120', 'sex', 'WOMAN', 1);
INSERT INTO "public"."t_operator_attr" VALUES ('1789DD3458014DDAA61815617AFF9120', 'nickName', 'Sys173', 1);
INSERT INTO "public"."t_operator_attr" VALUES ('1789DD3458014DDAA61815617AFF9120', 'icon', 'https://file.ccuol.cn/%E5%9B%BE%E7%89%87.png', 1);
INSERT INTO "public"."t_operator_attr" VALUES ('1789DD3458014DDAA61815617AFF9120', 'age', '173', 1);
INSERT INTO "public"."t_operator_attr" VALUES ('84DC4BAAE5574E7D8B32D4A56691BB37', 'sex', 'MAN', 1);
INSERT INTO "public"."t_operator_attr" VALUES ('84DC4BAAE5574E7D8B32D4A56691BB37', 'nickName', 'Sys172', 1);
INSERT INTO "public"."t_operator_attr" VALUES ('84DC4BAAE5574E7D8B32D4A56691BB37', 'icon', 'https://file.ccuol.cn/%E5%9B%BE%E7%89%87.png', 1);
INSERT INTO "public"."t_operator_attr" VALUES ('84DC4BAAE5574E7D8B32D4A56691BB37', 'age', '172', 1);
INSERT INTO "public"."t_operator_attr" VALUES ('93A868D04BCC4F6B9CF54B1C0F291905', 'sex', 'WOMAN', 1);
INSERT INTO "public"."t_operator_attr" VALUES ('93A868D04BCC4F6B9CF54B1C0F291905', 'nickName', 'Sys171', 1);
INSERT INTO "public"."t_operator_attr" VALUES ('93A868D04BCC4F6B9CF54B1C0F291905', 'icon', 'https://file.ccuol.cn/%E5%9B%BE%E7%89%87.png', 1);
INSERT INTO "public"."t_operator_attr" VALUES ('93A868D04BCC4F6B9CF54B1C0F291905', 'age', '171', 1);
INSERT INTO "public"."t_operator_attr" VALUES ('2E4056E947954247A925A287990A7353', 'sex', 'MAN', 1);
INSERT INTO "public"."t_operator_attr" VALUES ('2E4056E947954247A925A287990A7353', 'nickName', 'Sys170', 1);
INSERT INTO "public"."t_operator_attr" VALUES ('2E4056E947954247A925A287990A7353', 'icon', 'https://file.ccuol.cn/%E5%9B%BE%E7%89%87.png', 1);
INSERT INTO "public"."t_operator_attr" VALUES ('2E4056E947954247A925A287990A7353', 'age', '170', 1);
INSERT INTO "public"."t_operator_attr" VALUES ('1F49F7626AA54FC581EB28583ADA7951', 'sex', 'WOMAN', 1);
INSERT INTO "public"."t_operator_attr" VALUES ('1F49F7626AA54FC581EB28583ADA7951', 'nickName', 'Sys169', 1);
INSERT INTO "public"."t_operator_attr" VALUES ('1F49F7626AA54FC581EB28583ADA7951', 'icon', 'https://file.ccuol.cn/%E5%9B%BE%E7%89%87.png', 1);
INSERT INTO "public"."t_operator_attr" VALUES ('1F49F7626AA54FC581EB28583ADA7951', 'age', '169', 1);
INSERT INTO "public"."t_operator_attr" VALUES ('2905E92039C84B5B8D523551DEA95F12', 'sex', 'MAN', 1);
INSERT INTO "public"."t_operator_attr" VALUES ('2905E92039C84B5B8D523551DEA95F12', 'nickName', 'Sys168', 1);
INSERT INTO "public"."t_operator_attr" VALUES ('2905E92039C84B5B8D523551DEA95F12', 'icon', 'https://file.ccuol.cn/%E5%9B%BE%E7%89%87.png', 1);
INSERT INTO "public"."t_operator_attr" VALUES ('2905E92039C84B5B8D523551DEA95F12', 'age', '168', 1);
INSERT INTO "public"."t_operator_attr" VALUES ('C1A416009BF8441882B81CEEEA61C692', 'sex', 'WOMAN', 1);
INSERT INTO "public"."t_operator_attr" VALUES ('C1A416009BF8441882B81CEEEA61C692', 'nickName', 'Sys167', 1);
INSERT INTO "public"."t_operator_attr" VALUES ('C1A416009BF8441882B81CEEEA61C692', 'icon', 'https://file.ccuol.cn/%E5%9B%BE%E7%89%87.png', 1);
INSERT INTO "public"."t_operator_attr" VALUES ('C1A416009BF8441882B81CEEEA61C692', 'age', '167', 1);
INSERT INTO "public"."t_operator_attr" VALUES ('69CA57395F9C489384979C2ED9F6E3DA', 'sex', 'MAN', 1);
INSERT INTO "public"."t_operator_attr" VALUES ('69CA57395F9C489384979C2ED9F6E3DA', 'nickName', 'Sys166', 1);
INSERT INTO "public"."t_operator_attr" VALUES ('69CA57395F9C489384979C2ED9F6E3DA', 'icon', 'https://file.ccuol.cn/%E5%9B%BE%E7%89%87.png', 1);
INSERT INTO "public"."t_operator_attr" VALUES ('69CA57395F9C489384979C2ED9F6E3DA', 'age', '166', 1);
INSERT INTO "public"."t_operator_attr" VALUES ('6EE1A1C220994A97BDCEF320C7232762', 'sex', 'WOMAN', 1);
INSERT INTO "public"."t_operator_attr" VALUES ('6EE1A1C220994A97BDCEF320C7232762', 'nickName', 'Sys165', 1);
INSERT INTO "public"."t_operator_attr" VALUES ('6EE1A1C220994A97BDCEF320C7232762', 'icon', 'https://file.ccuol.cn/%E5%9B%BE%E7%89%87.png', 1);
INSERT INTO "public"."t_operator_attr" VALUES ('6EE1A1C220994A97BDCEF320C7232762', 'age', '165', 1);
INSERT INTO "public"."t_operator_attr" VALUES ('C80A5F712C4C431DB75C4CAFA2514354', 'sex', 'MAN', 1);
INSERT INTO "public"."t_operator_attr" VALUES ('C80A5F712C4C431DB75C4CAFA2514354', 'nickName', 'Sys164', 1);
INSERT INTO "public"."t_operator_attr" VALUES ('C80A5F712C4C431DB75C4CAFA2514354', 'icon', 'https://file.ccuol.cn/%E5%9B%BE%E7%89%87.png', 1);
INSERT INTO "public"."t_operator_attr" VALUES ('C80A5F712C4C431DB75C4CAFA2514354', 'age', '164', 1);
INSERT INTO "public"."t_operator_attr" VALUES ('9D406969BBD3425AA826A143EB83B4E0', 'sex', 'WOMAN', 1);
INSERT INTO "public"."t_operator_attr" VALUES ('9D406969BBD3425AA826A143EB83B4E0', 'nickName', 'Sys163', 1);
INSERT INTO "public"."t_operator_attr" VALUES ('9D406969BBD3425AA826A143EB83B4E0', 'icon', 'https://file.ccuol.cn/%E5%9B%BE%E7%89%87.png', 1);
INSERT INTO "public"."t_operator_attr" VALUES ('9D406969BBD3425AA826A143EB83B4E0', 'age', '163', 1);
INSERT INTO "public"."t_operator_attr" VALUES ('B2299C961D20458CAE8A30F9085EA353', 'sex', 'MAN', 1);
INSERT INTO "public"."t_operator_attr" VALUES ('B2299C961D20458CAE8A30F9085EA353', 'nickName', 'Sys162', 1);
INSERT INTO "public"."t_operator_attr" VALUES ('B2299C961D20458CAE8A30F9085EA353', 'icon', 'https://file.ccuol.cn/%E5%9B%BE%E7%89%87.png', 1);
INSERT INTO "public"."t_operator_attr" VALUES ('B2299C961D20458CAE8A30F9085EA353', 'age', '162', 1);
INSERT INTO "public"."t_operator_attr" VALUES ('485A4875955E4648A8C599957877C57D', 'sex', 'WOMAN', 1);
INSERT INTO "public"."t_operator_attr" VALUES ('485A4875955E4648A8C599957877C57D', 'nickName', 'Sys161', 1);
INSERT INTO "public"."t_operator_attr" VALUES ('485A4875955E4648A8C599957877C57D', 'icon', 'https://file.ccuol.cn/%E5%9B%BE%E7%89%87.png', 1);
INSERT INTO "public"."t_operator_attr" VALUES ('485A4875955E4648A8C599957877C57D', 'age', '161', 1);
INSERT INTO "public"."t_operator_attr" VALUES ('7988734B3A9747F9B7CBA8BB1D57B6E8', 'sex', 'MAN', 1);
INSERT INTO "public"."t_operator_attr" VALUES ('7988734B3A9747F9B7CBA8BB1D57B6E8', 'nickName', 'Sys160', 1);
INSERT INTO "public"."t_operator_attr" VALUES ('7988734B3A9747F9B7CBA8BB1D57B6E8', 'icon', 'https://file.ccuol.cn/%E5%9B%BE%E7%89%87.png', 1);
INSERT INTO "public"."t_operator_attr" VALUES ('7988734B3A9747F9B7CBA8BB1D57B6E8', 'age', '160', 1);
INSERT INTO "public"."t_operator_attr" VALUES ('EB75A5F7331844D1B86009B17AFCF74E', 'sex', 'WOMAN', 1);
INSERT INTO "public"."t_operator_attr" VALUES ('EB75A5F7331844D1B86009B17AFCF74E', 'nickName', 'Sys159', 1);
INSERT INTO "public"."t_operator_attr" VALUES ('EB75A5F7331844D1B86009B17AFCF74E', 'icon', 'https://file.ccuol.cn/%E5%9B%BE%E7%89%87.png', 1);
INSERT INTO "public"."t_operator_attr" VALUES ('EB75A5F7331844D1B86009B17AFCF74E', 'age', '159', 1);
INSERT INTO "public"."t_operator_attr" VALUES ('7646B2FF485B49F496E4ECD9665EB7AD', 'sex', 'MAN', 1);
INSERT INTO "public"."t_operator_attr" VALUES ('7646B2FF485B49F496E4ECD9665EB7AD', 'nickName', 'Sys158', 1);
INSERT INTO "public"."t_operator_attr" VALUES ('7646B2FF485B49F496E4ECD9665EB7AD', 'icon', 'https://file.ccuol.cn/%E5%9B%BE%E7%89%87.png', 1);
INSERT INTO "public"."t_operator_attr" VALUES ('7646B2FF485B49F496E4ECD9665EB7AD', 'age', '158', 1);
INSERT INTO "public"."t_operator_attr" VALUES ('DD99002D53C741A8BF260337454A5B56', 'sex', 'WOMAN', 1);
INSERT INTO "public"."t_operator_attr" VALUES ('DD99002D53C741A8BF260337454A5B56', 'nickName', 'Sys157', 1);
INSERT INTO "public"."t_operator_attr" VALUES ('DD99002D53C741A8BF260337454A5B56', 'icon', 'https://file.ccuol.cn/%E5%9B%BE%E7%89%87.png', 1);
INSERT INTO "public"."t_operator_attr" VALUES ('DD99002D53C741A8BF260337454A5B56', 'age', '157', 1);
INSERT INTO "public"."t_operator_attr" VALUES ('B0B7788D62784FB0958E8C8538A129BD', 'sex', 'MAN', 1);
INSERT INTO "public"."t_operator_attr" VALUES ('B0B7788D62784FB0958E8C8538A129BD', 'nickName', 'Sys156', 1);
INSERT INTO "public"."t_operator_attr" VALUES ('B0B7788D62784FB0958E8C8538A129BD', 'icon', 'https://file.ccuol.cn/%E5%9B%BE%E7%89%87.png', 1);
INSERT INTO "public"."t_operator_attr" VALUES ('B0B7788D62784FB0958E8C8538A129BD', 'age', '156', 1);
INSERT INTO "public"."t_operator_attr" VALUES ('08CF6CF15D7343ABAB43543AE3DA2910', 'sex', 'WOMAN', 1);
INSERT INTO "public"."t_operator_attr" VALUES ('08CF6CF15D7343ABAB43543AE3DA2910', 'nickName', 'Sys155', 1);
INSERT INTO "public"."t_operator_attr" VALUES ('08CF6CF15D7343ABAB43543AE3DA2910', 'icon', 'https://file.ccuol.cn/%E5%9B%BE%E7%89%87.png', 1);
INSERT INTO "public"."t_operator_attr" VALUES ('08CF6CF15D7343ABAB43543AE3DA2910', 'age', '155', 1);
INSERT INTO "public"."t_operator_attr" VALUES ('289D96C45135412C8BB8045E7BBB524C', 'sex', 'MAN', 1);
INSERT INTO "public"."t_operator_attr" VALUES ('289D96C45135412C8BB8045E7BBB524C', 'nickName', 'Sys154', 1);
INSERT INTO "public"."t_operator_attr" VALUES ('289D96C45135412C8BB8045E7BBB524C', 'icon', 'https://file.ccuol.cn/%E5%9B%BE%E7%89%87.png', 1);
INSERT INTO "public"."t_operator_attr" VALUES ('289D96C45135412C8BB8045E7BBB524C', 'age', '154', 1);
INSERT INTO "public"."t_operator_attr" VALUES ('42667D6F22454902BDAC398D4F778BDE', 'sex', 'WOMAN', 1);
INSERT INTO "public"."t_operator_attr" VALUES ('42667D6F22454902BDAC398D4F778BDE', 'nickName', 'Sys153', 1);
INSERT INTO "public"."t_operator_attr" VALUES ('42667D6F22454902BDAC398D4F778BDE', 'icon', 'https://file.ccuol.cn/%E5%9B%BE%E7%89%87.png', 1);
INSERT INTO "public"."t_operator_attr" VALUES ('42667D6F22454902BDAC398D4F778BDE', 'age', '153', 1);
INSERT INTO "public"."t_operator_attr" VALUES ('F88A95C527C140A58939EBCC0D894AB6', 'sex', 'MAN', 1);
INSERT INTO "public"."t_operator_attr" VALUES ('F88A95C527C140A58939EBCC0D894AB6', 'nickName', 'Sys152', 1);
INSERT INTO "public"."t_operator_attr" VALUES ('F88A95C527C140A58939EBCC0D894AB6', 'icon', 'https://file.ccuol.cn/%E5%9B%BE%E7%89%87.png', 1);
INSERT INTO "public"."t_operator_attr" VALUES ('F88A95C527C140A58939EBCC0D894AB6', 'age', '152', 1);
INSERT INTO "public"."t_operator_attr" VALUES ('9F273820AB0E4CA695E0463B52C3D479', 'sex', 'WOMAN', 1);
INSERT INTO "public"."t_operator_attr" VALUES ('9F273820AB0E4CA695E0463B52C3D479', 'nickName', 'Sys151', 1);
INSERT INTO "public"."t_operator_attr" VALUES ('9F273820AB0E4CA695E0463B52C3D479', 'icon', 'https://file.ccuol.cn/%E5%9B%BE%E7%89%87.png', 1);
INSERT INTO "public"."t_operator_attr" VALUES ('9F273820AB0E4CA695E0463B52C3D479', 'age', '151', 1);
INSERT INTO "public"."t_operator_attr" VALUES ('B012FEA6877C42019322C0FCDE193206', 'sex', 'MAN', 1);
INSERT INTO "public"."t_operator_attr" VALUES ('B012FEA6877C42019322C0FCDE193206', 'nickName', 'Sys150', 1);
INSERT INTO "public"."t_operator_attr" VALUES ('B012FEA6877C42019322C0FCDE193206', 'icon', 'https://file.ccuol.cn/%E5%9B%BE%E7%89%87.png', 1);
INSERT INTO "public"."t_operator_attr" VALUES ('B012FEA6877C42019322C0FCDE193206', 'age', '150', 1);
INSERT INTO "public"."t_operator_attr" VALUES ('C434922162EC4A03A58D1FF6B931F398', 'sex', 'WOMAN', 1);
INSERT INTO "public"."t_operator_attr" VALUES ('C434922162EC4A03A58D1FF6B931F398', 'nickName', 'Sys149', 1);
INSERT INTO "public"."t_operator_attr" VALUES ('C434922162EC4A03A58D1FF6B931F398', 'icon', 'https://file.ccuol.cn/%E5%9B%BE%E7%89%87.png', 1);
INSERT INTO "public"."t_operator_attr" VALUES ('C434922162EC4A03A58D1FF6B931F398', 'age', '149', 1);
INSERT INTO "public"."t_operator_attr" VALUES ('ED3FE963A7D04280803A6FB444CD44B4', 'sex', 'MAN', 1);
INSERT INTO "public"."t_operator_attr" VALUES ('ED3FE963A7D04280803A6FB444CD44B4', 'nickName', 'Sys148', 1);
INSERT INTO "public"."t_operator_attr" VALUES ('ED3FE963A7D04280803A6FB444CD44B4', 'icon', 'https://file.ccuol.cn/%E5%9B%BE%E7%89%87.png', 1);
INSERT INTO "public"."t_operator_attr" VALUES ('ED3FE963A7D04280803A6FB444CD44B4', 'age', '148', 1);
INSERT INTO "public"."t_operator_attr" VALUES ('D5809095D2074DEEB8363D972842B385', 'sex', 'WOMAN', 1);
INSERT INTO "public"."t_operator_attr" VALUES ('D5809095D2074DEEB8363D972842B385', 'nickName', 'Sys147', 1);
INSERT INTO "public"."t_operator_attr" VALUES ('D5809095D2074DEEB8363D972842B385', 'icon', 'https://file.ccuol.cn/%E5%9B%BE%E7%89%87.png', 1);
INSERT INTO "public"."t_operator_attr" VALUES ('D5809095D2074DEEB8363D972842B385', 'age', '147', 1);
INSERT INTO "public"."t_operator_attr" VALUES ('A619CE6177BC4A789FC60480F25BB339', 'sex', 'MAN', 1);
INSERT INTO "public"."t_operator_attr" VALUES ('A619CE6177BC4A789FC60480F25BB339', 'nickName', 'Sys146', 1);
INSERT INTO "public"."t_operator_attr" VALUES ('A619CE6177BC4A789FC60480F25BB339', 'icon', 'https://file.ccuol.cn/%E5%9B%BE%E7%89%87.png', 1);
INSERT INTO "public"."t_operator_attr" VALUES ('A619CE6177BC4A789FC60480F25BB339', 'age', '146', 1);
INSERT INTO "public"."t_operator_attr" VALUES ('88A2E4106764431FA7499E5CC69B8BF2', 'sex', 'WOMAN', 1);
INSERT INTO "public"."t_operator_attr" VALUES ('88A2E4106764431FA7499E5CC69B8BF2', 'nickName', 'Sys145', 1);
INSERT INTO "public"."t_operator_attr" VALUES ('88A2E4106764431FA7499E5CC69B8BF2', 'icon', 'https://file.ccuol.cn/%E5%9B%BE%E7%89%87.png', 1);
INSERT INTO "public"."t_operator_attr" VALUES ('88A2E4106764431FA7499E5CC69B8BF2', 'age', '145', 1);
INSERT INTO "public"."t_operator_attr" VALUES ('007BB7D65B7F4DA0A3BFB59FE036ABDE', 'sex', 'MAN', 1);
INSERT INTO "public"."t_operator_attr" VALUES ('007BB7D65B7F4DA0A3BFB59FE036ABDE', 'nickName', 'Sys144', 1);
INSERT INTO "public"."t_operator_attr" VALUES ('007BB7D65B7F4DA0A3BFB59FE036ABDE', 'icon', 'https://file.ccuol.cn/%E5%9B%BE%E7%89%87.png', 1);
INSERT INTO "public"."t_operator_attr" VALUES ('007BB7D65B7F4DA0A3BFB59FE036ABDE', 'age', '144', 1);
INSERT INTO "public"."t_operator_attr" VALUES ('785C36F0B1C74BCEB3E014E836DDA113', 'sex', 'WOMAN', 1);
INSERT INTO "public"."t_operator_attr" VALUES ('785C36F0B1C74BCEB3E014E836DDA113', 'nickName', 'Sys143', 1);
INSERT INTO "public"."t_operator_attr" VALUES ('785C36F0B1C74BCEB3E014E836DDA113', 'icon', 'https://file.ccuol.cn/%E5%9B%BE%E7%89%87.png', 1);
INSERT INTO "public"."t_operator_attr" VALUES ('785C36F0B1C74BCEB3E014E836DDA113', 'age', '143', 1);
INSERT INTO "public"."t_operator_attr" VALUES ('71C4E32A3DAC4BBDA70340CC3C039621', 'sex', 'MAN', 1);
INSERT INTO "public"."t_operator_attr" VALUES ('71C4E32A3DAC4BBDA70340CC3C039621', 'nickName', 'Sys142', 1);
INSERT INTO "public"."t_operator_attr" VALUES ('71C4E32A3DAC4BBDA70340CC3C039621', 'icon', 'https://file.ccuol.cn/%E5%9B%BE%E7%89%87.png', 1);
INSERT INTO "public"."t_operator_attr" VALUES ('71C4E32A3DAC4BBDA70340CC3C039621', 'age', '142', 1);
INSERT INTO "public"."t_operator_attr" VALUES ('4D5F1DA8D202456D80959D6CB3B62E25', 'sex', 'WOMAN', 1);
INSERT INTO "public"."t_operator_attr" VALUES ('4D5F1DA8D202456D80959D6CB3B62E25', 'nickName', 'Sys141', 1);
INSERT INTO "public"."t_operator_attr" VALUES ('4D5F1DA8D202456D80959D6CB3B62E25', 'icon', 'https://file.ccuol.cn/%E5%9B%BE%E7%89%87.png', 1);
INSERT INTO "public"."t_operator_attr" VALUES ('4D5F1DA8D202456D80959D6CB3B62E25', 'age', '141', 1);
INSERT INTO "public"."t_operator_attr" VALUES ('D49BDED6E0A14CF58A84C0978ABA6221', 'sex', 'MAN', 1);
INSERT INTO "public"."t_operator_attr" VALUES ('D49BDED6E0A14CF58A84C0978ABA6221', 'nickName', 'Sys140', 1);
INSERT INTO "public"."t_operator_attr" VALUES ('D49BDED6E0A14CF58A84C0978ABA6221', 'icon', 'https://file.ccuol.cn/%E5%9B%BE%E7%89%87.png', 1);
INSERT INTO "public"."t_operator_attr" VALUES ('D49BDED6E0A14CF58A84C0978ABA6221', 'age', '140', 1);
INSERT INTO "public"."t_operator_attr" VALUES ('6E4BBB6E943B405CBBDCA5FC98D17453', 'sex', 'WOMAN', 1);
INSERT INTO "public"."t_operator_attr" VALUES ('6E4BBB6E943B405CBBDCA5FC98D17453', 'nickName', 'Sys139', 1);
INSERT INTO "public"."t_operator_attr" VALUES ('6E4BBB6E943B405CBBDCA5FC98D17453', 'icon', 'https://file.ccuol.cn/%E5%9B%BE%E7%89%87.png', 1);
INSERT INTO "public"."t_operator_attr" VALUES ('6E4BBB6E943B405CBBDCA5FC98D17453', 'age', '139', 1);
INSERT INTO "public"."t_operator_attr" VALUES ('286A21412B4E4E6FA8871CA42CA72F23', 'sex', 'MAN', 1);
INSERT INTO "public"."t_operator_attr" VALUES ('286A21412B4E4E6FA8871CA42CA72F23', 'nickName', 'Sys138', 1);
INSERT INTO "public"."t_operator_attr" VALUES ('286A21412B4E4E6FA8871CA42CA72F23', 'icon', 'https://file.ccuol.cn/%E5%9B%BE%E7%89%87.png', 1);
INSERT INTO "public"."t_operator_attr" VALUES ('286A21412B4E4E6FA8871CA42CA72F23', 'age', '138', 1);
INSERT INTO "public"."t_operator_attr" VALUES ('2DC1A4D7DF6B48EE96C780AF6D98CC05', 'sex', 'WOMAN', 1);
INSERT INTO "public"."t_operator_attr" VALUES ('2DC1A4D7DF6B48EE96C780AF6D98CC05', 'nickName', 'Sys137', 1);
INSERT INTO "public"."t_operator_attr" VALUES ('2DC1A4D7DF6B48EE96C780AF6D98CC05', 'icon', 'https://file.ccuol.cn/%E5%9B%BE%E7%89%87.png', 1);
INSERT INTO "public"."t_operator_attr" VALUES ('2DC1A4D7DF6B48EE96C780AF6D98CC05', 'age', '137', 1);
INSERT INTO "public"."t_operator_attr" VALUES ('3740688BF7334E0395BD42E0A6F2D736', 'sex', 'MAN', 1);
INSERT INTO "public"."t_operator_attr" VALUES ('3740688BF7334E0395BD42E0A6F2D736', 'nickName', 'Sys136', 1);
INSERT INTO "public"."t_operator_attr" VALUES ('3740688BF7334E0395BD42E0A6F2D736', 'icon', 'https://file.ccuol.cn/%E5%9B%BE%E7%89%87.png', 1);
INSERT INTO "public"."t_operator_attr" VALUES ('3740688BF7334E0395BD42E0A6F2D736', 'age', '136', 1);
INSERT INTO "public"."t_operator_attr" VALUES ('1B83A1A28355464694BA4E6CE97E1365', 'sex', 'WOMAN', 1);
INSERT INTO "public"."t_operator_attr" VALUES ('1B83A1A28355464694BA4E6CE97E1365', 'nickName', 'Sys135', 1);
INSERT INTO "public"."t_operator_attr" VALUES ('1B83A1A28355464694BA4E6CE97E1365', 'icon', 'https://file.ccuol.cn/%E5%9B%BE%E7%89%87.png', 1);
INSERT INTO "public"."t_operator_attr" VALUES ('1B83A1A28355464694BA4E6CE97E1365', 'age', '135', 1);
INSERT INTO "public"."t_operator_attr" VALUES ('DD21DE6309B840288795C3FFB1A08915', 'sex', 'MAN', 1);
INSERT INTO "public"."t_operator_attr" VALUES ('DD21DE6309B840288795C3FFB1A08915', 'nickName', 'Sys134', 1);
INSERT INTO "public"."t_operator_attr" VALUES ('DD21DE6309B840288795C3FFB1A08915', 'icon', 'https://file.ccuol.cn/%E5%9B%BE%E7%89%87.png', 1);
INSERT INTO "public"."t_operator_attr" VALUES ('DD21DE6309B840288795C3FFB1A08915', 'age', '134', 1);
INSERT INTO "public"."t_operator_attr" VALUES ('6C61CAABE1704C03BF5B9FC7EEC3C3F1', 'sex', 'WOMAN', 1);
INSERT INTO "public"."t_operator_attr" VALUES ('6C61CAABE1704C03BF5B9FC7EEC3C3F1', 'nickName', 'Sys133', 1);
INSERT INTO "public"."t_operator_attr" VALUES ('6C61CAABE1704C03BF5B9FC7EEC3C3F1', 'icon', 'https://file.ccuol.cn/%E5%9B%BE%E7%89%87.png', 1);
INSERT INTO "public"."t_operator_attr" VALUES ('6C61CAABE1704C03BF5B9FC7EEC3C3F1', 'age', '133', 1);
INSERT INTO "public"."t_operator_attr" VALUES ('21AF18E3ACAB4BD19D09395FC129D27D', 'sex', 'MAN', 1);
INSERT INTO "public"."t_operator_attr" VALUES ('21AF18E3ACAB4BD19D09395FC129D27D', 'nickName', 'Sys132', 1);
INSERT INTO "public"."t_operator_attr" VALUES ('21AF18E3ACAB4BD19D09395FC129D27D', 'icon', 'https://file.ccuol.cn/%E5%9B%BE%E7%89%87.png', 1);
INSERT INTO "public"."t_operator_attr" VALUES ('21AF18E3ACAB4BD19D09395FC129D27D', 'age', '132', 1);
INSERT INTO "public"."t_operator_attr" VALUES ('B1B7FA4285674933ABDAF0B0C68EFC0B', 'sex', 'WOMAN', 1);
INSERT INTO "public"."t_operator_attr" VALUES ('B1B7FA4285674933ABDAF0B0C68EFC0B', 'nickName', 'Sys131', 1);
INSERT INTO "public"."t_operator_attr" VALUES ('B1B7FA4285674933ABDAF0B0C68EFC0B', 'icon', 'https://file.ccuol.cn/%E5%9B%BE%E7%89%87.png', 1);
INSERT INTO "public"."t_operator_attr" VALUES ('B1B7FA4285674933ABDAF0B0C68EFC0B', 'age', '131', 1);
INSERT INTO "public"."t_operator_attr" VALUES ('57405474A0654DE598FFC9FDA5DD97A0', 'sex', 'MAN', 1);
INSERT INTO "public"."t_operator_attr" VALUES ('57405474A0654DE598FFC9FDA5DD97A0', 'nickName', 'Sys130', 1);
INSERT INTO "public"."t_operator_attr" VALUES ('57405474A0654DE598FFC9FDA5DD97A0', 'icon', 'https://file.ccuol.cn/%E5%9B%BE%E7%89%87.png', 1);
INSERT INTO "public"."t_operator_attr" VALUES ('57405474A0654DE598FFC9FDA5DD97A0', 'age', '130', 1);
INSERT INTO "public"."t_operator_attr" VALUES ('8A8CA36A1F6345E78490A8A979127721', 'sex', 'WOMAN', 1);
INSERT INTO "public"."t_operator_attr" VALUES ('8A8CA36A1F6345E78490A8A979127721', 'nickName', 'Sys129', 1);
INSERT INTO "public"."t_operator_attr" VALUES ('8A8CA36A1F6345E78490A8A979127721', 'icon', 'https://file.ccuol.cn/%E5%9B%BE%E7%89%87.png', 1);
INSERT INTO "public"."t_operator_attr" VALUES ('8A8CA36A1F6345E78490A8A979127721', 'age', '129', 1);
INSERT INTO "public"."t_operator_attr" VALUES ('50B88E738A494E85A50C7202DDB3A0E4', 'sex', 'MAN', 1);
INSERT INTO "public"."t_operator_attr" VALUES ('50B88E738A494E85A50C7202DDB3A0E4', 'nickName', 'Sys128', 1);
INSERT INTO "public"."t_operator_attr" VALUES ('50B88E738A494E85A50C7202DDB3A0E4', 'icon', 'https://file.ccuol.cn/%E5%9B%BE%E7%89%87.png', 1);
INSERT INTO "public"."t_operator_attr" VALUES ('50B88E738A494E85A50C7202DDB3A0E4', 'age', '128', 1);
INSERT INTO "public"."t_operator_attr" VALUES ('60B726677C154677985C78528D41BE66', 'sex', 'WOMAN', 1);
INSERT INTO "public"."t_operator_attr" VALUES ('60B726677C154677985C78528D41BE66', 'nickName', 'Sys127', 1);
INSERT INTO "public"."t_operator_attr" VALUES ('60B726677C154677985C78528D41BE66', 'icon', 'https://file.ccuol.cn/%E5%9B%BE%E7%89%87.png', 1);
INSERT INTO "public"."t_operator_attr" VALUES ('60B726677C154677985C78528D41BE66', 'age', '127', 1);
INSERT INTO "public"."t_operator_attr" VALUES ('462A37C33EE944C09064ED3808B09ADD', 'sex', 'MAN', 1);
INSERT INTO "public"."t_operator_attr" VALUES ('462A37C33EE944C09064ED3808B09ADD', 'nickName', 'Sys126', 1);
INSERT INTO "public"."t_operator_attr" VALUES ('462A37C33EE944C09064ED3808B09ADD', 'icon', 'https://file.ccuol.cn/%E5%9B%BE%E7%89%87.png', 1);
INSERT INTO "public"."t_operator_attr" VALUES ('462A37C33EE944C09064ED3808B09ADD', 'age', '126', 1);
INSERT INTO "public"."t_operator_attr" VALUES ('E47EEB118D524569BC92B309D31F9AA4', 'sex', 'WOMAN', 1);
INSERT INTO "public"."t_operator_attr" VALUES ('E47EEB118D524569BC92B309D31F9AA4', 'nickName', 'Sys125', 1);
INSERT INTO "public"."t_operator_attr" VALUES ('E47EEB118D524569BC92B309D31F9AA4', 'icon', 'https://file.ccuol.cn/%E5%9B%BE%E7%89%87.png', 1);
INSERT INTO "public"."t_operator_attr" VALUES ('E47EEB118D524569BC92B309D31F9AA4', 'age', '125', 1);
INSERT INTO "public"."t_operator_attr" VALUES ('04F3780F19694157BEBF1E87D3F4814A', 'sex', 'MAN', 1);
INSERT INTO "public"."t_operator_attr" VALUES ('04F3780F19694157BEBF1E87D3F4814A', 'nickName', 'Sys124', 1);
INSERT INTO "public"."t_operator_attr" VALUES ('04F3780F19694157BEBF1E87D3F4814A', 'icon', 'https://file.ccuol.cn/%E5%9B%BE%E7%89%87.png', 1);
INSERT INTO "public"."t_operator_attr" VALUES ('04F3780F19694157BEBF1E87D3F4814A', 'age', '124', 1);
INSERT INTO "public"."t_operator_attr" VALUES ('B603EB801D414BF491089E02D67FF0B7', 'sex', 'WOMAN', 1);
INSERT INTO "public"."t_operator_attr" VALUES ('B603EB801D414BF491089E02D67FF0B7', 'nickName', 'Sys123', 1);
INSERT INTO "public"."t_operator_attr" VALUES ('B603EB801D414BF491089E02D67FF0B7', 'icon', 'https://file.ccuol.cn/%E5%9B%BE%E7%89%87.png', 1);
INSERT INTO "public"."t_operator_attr" VALUES ('B603EB801D414BF491089E02D67FF0B7', 'age', '123', 1);
INSERT INTO "public"."t_operator_attr" VALUES ('41BFA54FABD940E3801DEA73EFA028B0', 'sex', 'MAN', 1);
INSERT INTO "public"."t_operator_attr" VALUES ('41BFA54FABD940E3801DEA73EFA028B0', 'nickName', 'Sys122', 1);
INSERT INTO "public"."t_operator_attr" VALUES ('41BFA54FABD940E3801DEA73EFA028B0', 'icon', 'https://file.ccuol.cn/%E5%9B%BE%E7%89%87.png', 1);
INSERT INTO "public"."t_operator_attr" VALUES ('41BFA54FABD940E3801DEA73EFA028B0', 'age', '122', 1);
INSERT INTO "public"."t_operator_attr" VALUES ('5A5B3C425EC34B0D8004CEEDEC69707C', 'sex', 'WOMAN', 1);
INSERT INTO "public"."t_operator_attr" VALUES ('5A5B3C425EC34B0D8004CEEDEC69707C', 'nickName', 'Sys121', 1);
INSERT INTO "public"."t_operator_attr" VALUES ('5A5B3C425EC34B0D8004CEEDEC69707C', 'icon', 'https://file.ccuol.cn/%E5%9B%BE%E7%89%87.png', 1);
INSERT INTO "public"."t_operator_attr" VALUES ('5A5B3C425EC34B0D8004CEEDEC69707C', 'age', '121', 1);
INSERT INTO "public"."t_operator_attr" VALUES ('8B58CCE69ED145C7BAE43B9238B80BA4', 'sex', 'MAN', 1);
INSERT INTO "public"."t_operator_attr" VALUES ('8B58CCE69ED145C7BAE43B9238B80BA4', 'nickName', 'Sys120', 1);
INSERT INTO "public"."t_operator_attr" VALUES ('8B58CCE69ED145C7BAE43B9238B80BA4', 'icon', 'https://file.ccuol.cn/%E5%9B%BE%E7%89%87.png', 1);
INSERT INTO "public"."t_operator_attr" VALUES ('8B58CCE69ED145C7BAE43B9238B80BA4', 'age', '120', 1);
INSERT INTO "public"."t_operator_attr" VALUES ('F0C7CD16803D4A6EBC9ED7B6772EF26E', 'sex', 'WOMAN', 1);
INSERT INTO "public"."t_operator_attr" VALUES ('F0C7CD16803D4A6EBC9ED7B6772EF26E', 'nickName', 'Sys119', 1);
INSERT INTO "public"."t_operator_attr" VALUES ('F0C7CD16803D4A6EBC9ED7B6772EF26E', 'icon', 'https://file.ccuol.cn/%E5%9B%BE%E7%89%87.png', 1);
INSERT INTO "public"."t_operator_attr" VALUES ('F0C7CD16803D4A6EBC9ED7B6772EF26E', 'age', '119', 1);
INSERT INTO "public"."t_operator_attr" VALUES ('2DBD2C070A8E4F3F918F4709F2AD84B9', 'sex', 'MAN', 1);
INSERT INTO "public"."t_operator_attr" VALUES ('2DBD2C070A8E4F3F918F4709F2AD84B9', 'nickName', 'Sys118', 1);
INSERT INTO "public"."t_operator_attr" VALUES ('2DBD2C070A8E4F3F918F4709F2AD84B9', 'icon', 'https://file.ccuol.cn/%E5%9B%BE%E7%89%87.png', 1);
INSERT INTO "public"."t_operator_attr" VALUES ('2DBD2C070A8E4F3F918F4709F2AD84B9', 'age', '118', 1);
INSERT INTO "public"."t_operator_attr" VALUES ('23B6444DCEC048769085D942C2D46704', 'sex', 'WOMAN', 1);
INSERT INTO "public"."t_operator_attr" VALUES ('23B6444DCEC048769085D942C2D46704', 'nickName', 'Sys117', 1);
INSERT INTO "public"."t_operator_attr" VALUES ('23B6444DCEC048769085D942C2D46704', 'icon', 'https://file.ccuol.cn/%E5%9B%BE%E7%89%87.png', 1);
INSERT INTO "public"."t_operator_attr" VALUES ('23B6444DCEC048769085D942C2D46704', 'age', '117', 1);
INSERT INTO "public"."t_operator_attr" VALUES ('A40940599BC747AEB62E37E8A590211D', 'sex', 'MAN', 1);
INSERT INTO "public"."t_operator_attr" VALUES ('A40940599BC747AEB62E37E8A590211D', 'nickName', 'Sys116', 1);
INSERT INTO "public"."t_operator_attr" VALUES ('A40940599BC747AEB62E37E8A590211D', 'icon', 'https://file.ccuol.cn/%E5%9B%BE%E7%89%87.png', 1);
INSERT INTO "public"."t_operator_attr" VALUES ('A40940599BC747AEB62E37E8A590211D', 'age', '116', 1);
INSERT INTO "public"."t_operator_attr" VALUES ('2E74B27B0E47488A838ED85C18DAA243', 'sex', 'WOMAN', 1);
INSERT INTO "public"."t_operator_attr" VALUES ('2E74B27B0E47488A838ED85C18DAA243', 'nickName', 'Sys115', 1);
INSERT INTO "public"."t_operator_attr" VALUES ('2E74B27B0E47488A838ED85C18DAA243', 'icon', 'https://file.ccuol.cn/%E5%9B%BE%E7%89%87.png', 1);
INSERT INTO "public"."t_operator_attr" VALUES ('2E74B27B0E47488A838ED85C18DAA243', 'age', '115', 1);
INSERT INTO "public"."t_operator_attr" VALUES ('4F587825830D484D8C429A6ADD18B942', 'sex', 'MAN', 1);
INSERT INTO "public"."t_operator_attr" VALUES ('4F587825830D484D8C429A6ADD18B942', 'nickName', 'Sys114', 1);
INSERT INTO "public"."t_operator_attr" VALUES ('4F587825830D484D8C429A6ADD18B942', 'icon', 'https://file.ccuol.cn/%E5%9B%BE%E7%89%87.png', 1);
INSERT INTO "public"."t_operator_attr" VALUES ('4F587825830D484D8C429A6ADD18B942', 'age', '114', 1);
INSERT INTO "public"."t_operator_attr" VALUES ('A722DB26612B492295FD5D73A4B02579', 'sex', 'WOMAN', 1);
INSERT INTO "public"."t_operator_attr" VALUES ('A722DB26612B492295FD5D73A4B02579', 'nickName', 'Sys113', 1);
INSERT INTO "public"."t_operator_attr" VALUES ('A722DB26612B492295FD5D73A4B02579', 'icon', 'https://file.ccuol.cn/%E5%9B%BE%E7%89%87.png', 1);
INSERT INTO "public"."t_operator_attr" VALUES ('A722DB26612B492295FD5D73A4B02579', 'age', '113', 1);
INSERT INTO "public"."t_operator_attr" VALUES ('860F940E087B41BAB3185BD992945AAC', 'sex', 'MAN', 1);
INSERT INTO "public"."t_operator_attr" VALUES ('860F940E087B41BAB3185BD992945AAC', 'nickName', 'Sys112', 1);
INSERT INTO "public"."t_operator_attr" VALUES ('860F940E087B41BAB3185BD992945AAC', 'icon', 'https://file.ccuol.cn/%E5%9B%BE%E7%89%87.png', 1);
INSERT INTO "public"."t_operator_attr" VALUES ('860F940E087B41BAB3185BD992945AAC', 'age', '112', 1);
INSERT INTO "public"."t_operator_attr" VALUES ('6C2F4D14E56544779B280ABA348C7053', 'sex', 'WOMAN', 1);
INSERT INTO "public"."t_operator_attr" VALUES ('6C2F4D14E56544779B280ABA348C7053', 'nickName', 'Sys111', 1);
INSERT INTO "public"."t_operator_attr" VALUES ('6C2F4D14E56544779B280ABA348C7053', 'icon', 'https://file.ccuol.cn/%E5%9B%BE%E7%89%87.png', 1);
INSERT INTO "public"."t_operator_attr" VALUES ('6C2F4D14E56544779B280ABA348C7053', 'age', '111', 1);
INSERT INTO "public"."t_operator_attr" VALUES ('D58D9FFE94374205A37982BBC28F8B62', 'sex', 'MAN', 1);
INSERT INTO "public"."t_operator_attr" VALUES ('D58D9FFE94374205A37982BBC28F8B62', 'nickName', 'Sys110', 1);
INSERT INTO "public"."t_operator_attr" VALUES ('D58D9FFE94374205A37982BBC28F8B62', 'icon', 'https://file.ccuol.cn/%E5%9B%BE%E7%89%87.png', 1);
INSERT INTO "public"."t_operator_attr" VALUES ('D58D9FFE94374205A37982BBC28F8B62', 'age', '110', 1);
INSERT INTO "public"."t_operator_attr" VALUES ('5AD556D46C0C49B7B3F31326F6800E71', 'sex', 'WOMAN', 1);
INSERT INTO "public"."t_operator_attr" VALUES ('5AD556D46C0C49B7B3F31326F6800E71', 'nickName', 'Sys109', 1);
INSERT INTO "public"."t_operator_attr" VALUES ('5AD556D46C0C49B7B3F31326F6800E71', 'icon', 'https://file.ccuol.cn/%E5%9B%BE%E7%89%87.png', 1);
INSERT INTO "public"."t_operator_attr" VALUES ('5AD556D46C0C49B7B3F31326F6800E71', 'age', '109', 1);
INSERT INTO "public"."t_operator_attr" VALUES ('61996F13906843929E437879CB258C8E', 'sex', 'MAN', 1);
INSERT INTO "public"."t_operator_attr" VALUES ('61996F13906843929E437879CB258C8E', 'nickName', 'Sys108', 1);
INSERT INTO "public"."t_operator_attr" VALUES ('61996F13906843929E437879CB258C8E', 'icon', 'https://file.ccuol.cn/%E5%9B%BE%E7%89%87.png', 1);
INSERT INTO "public"."t_operator_attr" VALUES ('61996F13906843929E437879CB258C8E', 'age', '108', 1);
INSERT INTO "public"."t_operator_attr" VALUES ('3FEDFA820F4148D29FFD2E17F33E3277', 'sex', 'WOMAN', 1);
INSERT INTO "public"."t_operator_attr" VALUES ('3FEDFA820F4148D29FFD2E17F33E3277', 'nickName', 'Sys107', 1);
INSERT INTO "public"."t_operator_attr" VALUES ('3FEDFA820F4148D29FFD2E17F33E3277', 'icon', 'https://file.ccuol.cn/%E5%9B%BE%E7%89%87.png', 1);
INSERT INTO "public"."t_operator_attr" VALUES ('3FEDFA820F4148D29FFD2E17F33E3277', 'age', '107', 1);
INSERT INTO "public"."t_operator_attr" VALUES ('16E5E09714424FAC818C26A8F44875A3', 'sex', 'MAN', 1);
INSERT INTO "public"."t_operator_attr" VALUES ('16E5E09714424FAC818C26A8F44875A3', 'nickName', 'Sys106', 1);
INSERT INTO "public"."t_operator_attr" VALUES ('16E5E09714424FAC818C26A8F44875A3', 'icon', 'https://file.ccuol.cn/%E5%9B%BE%E7%89%87.png', 1);
INSERT INTO "public"."t_operator_attr" VALUES ('16E5E09714424FAC818C26A8F44875A3', 'age', '106', 1);
INSERT INTO "public"."t_operator_attr" VALUES ('58A9A0D153CC4EAA9B06C907AEC1AF17', 'sex', 'WOMAN', 1);
INSERT INTO "public"."t_operator_attr" VALUES ('58A9A0D153CC4EAA9B06C907AEC1AF17', 'nickName', 'Sys105', 1);
INSERT INTO "public"."t_operator_attr" VALUES ('58A9A0D153CC4EAA9B06C907AEC1AF17', 'icon', 'https://file.ccuol.cn/%E5%9B%BE%E7%89%87.png', 1);
INSERT INTO "public"."t_operator_attr" VALUES ('58A9A0D153CC4EAA9B06C907AEC1AF17', 'age', '105', 1);
INSERT INTO "public"."t_operator_attr" VALUES ('81C4F805B4954188B364106CFC80E4C5', 'sex', 'MAN', 1);
INSERT INTO "public"."t_operator_attr" VALUES ('81C4F805B4954188B364106CFC80E4C5', 'nickName', 'Sys104', 1);
INSERT INTO "public"."t_operator_attr" VALUES ('81C4F805B4954188B364106CFC80E4C5', 'icon', 'https://file.ccuol.cn/%E5%9B%BE%E7%89%87.png', 1);
INSERT INTO "public"."t_operator_attr" VALUES ('81C4F805B4954188B364106CFC80E4C5', 'age', '104', 1);
INSERT INTO "public"."t_operator_attr" VALUES ('C903805202854811991EF0C50A8240F8', 'sex', 'WOMAN', 1);
INSERT INTO "public"."t_operator_attr" VALUES ('C903805202854811991EF0C50A8240F8', 'nickName', 'Sys103', 1);
INSERT INTO "public"."t_operator_attr" VALUES ('C903805202854811991EF0C50A8240F8', 'icon', 'https://file.ccuol.cn/%E5%9B%BE%E7%89%87.png', 1);
INSERT INTO "public"."t_operator_attr" VALUES ('C903805202854811991EF0C50A8240F8', 'age', '103', 1);
INSERT INTO "public"."t_operator_attr" VALUES ('91B41FBFF19148B9970987E8ACEAB2E1', 'sex', 'MAN', 1);
INSERT INTO "public"."t_operator_attr" VALUES ('91B41FBFF19148B9970987E8ACEAB2E1', 'nickName', 'Sys102', 1);
INSERT INTO "public"."t_operator_attr" VALUES ('91B41FBFF19148B9970987E8ACEAB2E1', 'icon', 'https://file.ccuol.cn/%E5%9B%BE%E7%89%87.png', 1);
INSERT INTO "public"."t_operator_attr" VALUES ('91B41FBFF19148B9970987E8ACEAB2E1', 'age', '102', 1);
INSERT INTO "public"."t_operator_attr" VALUES ('6E654D494B9D44509E42BFE9B3826F21', 'sex', 'MAN', 1);
INSERT INTO "public"."t_operator_attr" VALUES ('6E654D494B9D44509E42BFE9B3826F21', 'nickName', 'Forest', 1);
INSERT INTO "public"."t_operator_attr" VALUES ('6E654D494B9D44509E42BFE9B3826F21', 'icon', 'https://file.ccuol.cn/%E5%9B%BE%E7%89%87.png', 1);
INSERT INTO "public"."t_operator_attr" VALUES ('6E654D494B9D44509E42BFE9B3826F21', 'age', '20', 1);
INSERT INTO "public"."t_operator_attr" VALUES ('9451015A7DCA41D6897BE063CB7D9E8E', 'sex', 'WOMAN', 1);
INSERT INTO "public"."t_operator_attr" VALUES ('9451015A7DCA41D6897BE063CB7D9E8E', 'nickName', '秀嘎', 1);
INSERT INTO "public"."t_operator_attr" VALUES ('9451015A7DCA41D6897BE063CB7D9E8E', 'icon', 'https://file.ccuol.cn/%E5%9B%BE%E7%89%87.png', 1);
INSERT INTO "public"."t_operator_attr" VALUES ('9451015A7DCA41D6897BE063CB7D9E8E', 'age', '21', 1);

-- ----------------------------
-- Table structure for t_operator_role
-- ----------------------------
DROP TABLE IF EXISTS "public"."t_operator_role";
CREATE TABLE "public"."t_operator_role" (
  "role_id" varchar(32) COLLATE "pg_catalog"."default" NOT NULL,
  "operator_id" varchar(32) COLLATE "pg_catalog"."default"
)
;
COMMENT ON TABLE "public"."t_operator_role" IS '值对象
角色';

-- ----------------------------
-- Records of t_operator_role
-- ----------------------------
INSERT INTO "public"."t_operator_role" VALUES ('6DDB7028E0DC44129F2BC9C5B9CEF8BD', '19002FB7B85B4FE58363610F7DF5BDEF');

-- ----------------------------
-- Table structure for t_organization
-- ----------------------------
DROP TABLE IF EXISTS "public"."t_organization";
CREATE TABLE "public"."t_organization" (
  "id" varchar(32) COLLATE "pg_catalog"."default" NOT NULL,
  "name" varchar(32) COLLATE "pg_catalog"."default",
  "organization_type" varchar(32) COLLATE "pg_catalog"."default",
  "register_number" varchar(32) COLLATE "pg_catalog"."default",
  "zip_code" varchar(32) COLLATE "pg_catalog"."default",
  "address" varchar(200) COLLATE "pg_catalog"."default",
  "organization_code" varchar(32) COLLATE "pg_catalog"."default",
  "business_scope" varchar(300) COLLATE "pg_catalog"."default",
  "business_license" varchar(32) COLLATE "pg_catalog"."default",
  "license_type" varchar(32) COLLATE "pg_catalog"."default",
  "legal_person_name" varchar(45) COLLATE "pg_catalog"."default",
  "legal_person_id_number" varchar(45) COLLATE "pg_catalog"."default",
  "legal_person_id_front" varchar(200) COLLATE "pg_catalog"."default",
  "legal_person_id_back" varchar(200) COLLATE "pg_catalog"."default"
)
;
COMMENT ON TABLE "public"."t_organization" IS '实体对象
组织机构';

-- ----------------------------
-- Records of t_organization
-- ----------------------------
INSERT INTO "public"."t_organization" VALUES ('F05BD2AB178443A6B3478399FADA28F6', '成都火柴科技有限公司', 'PE', '', '618000', '银河系地球星华夏文明四川省成都市锦江区中环路锦绣大道1111号', '20181212001', '', '', 'NORMAL', '', '', '', '');

-- ----------------------------
-- Table structure for t_people
-- ----------------------------
DROP TABLE IF EXISTS "public"."t_people";
CREATE TABLE "public"."t_people" (
  "id" varchar(32) COLLATE "pg_catalog"."default" NOT NULL,
  "phone" varchar(11) COLLATE "pg_catalog"."default"
)
;
COMMENT ON TABLE "public"."t_people" IS '实体对象   
人
';

-- ----------------------------
-- Records of t_people
-- ----------------------------
INSERT INTO "public"."t_people" VALUES ('4B524870E4134BB3B199BE2929E9EC9A', '13800001111');
INSERT INTO "public"."t_people" VALUES ('D3FE8509E0D14C2D9F89EABB039150FB', '13000000202');
INSERT INTO "public"."t_people" VALUES ('1D44974C23554E819FE28FA2F4298277', '13000000201');
INSERT INTO "public"."t_people" VALUES ('186823858CF84454AA17FC08D5949374', '13000000200');
INSERT INTO "public"."t_people" VALUES ('F7404BB849BF48BCBA1A4A64B8623847', '13000000199');
INSERT INTO "public"."t_people" VALUES ('400F54C985A74AF4944848640BC1A355', '13000000198');
INSERT INTO "public"."t_people" VALUES ('717AD04B52074493B98055320501AA3C', '13000000197');
INSERT INTO "public"."t_people" VALUES ('47101A959513448D92AF0A372F4664B8', '13000000196');
INSERT INTO "public"."t_people" VALUES ('7B60F1F835D94423BD4C695B5F4A8284', '13000000195');
INSERT INTO "public"."t_people" VALUES ('122F7C6824E2411F82C0AD6E1F478E0F', '13000000194');
INSERT INTO "public"."t_people" VALUES ('E8A62DE6A232426EB8578DF51CE9403C', '13000000193');
INSERT INTO "public"."t_people" VALUES ('603D010E40834928AB49FD5FF34F6162', '13000000192');
INSERT INTO "public"."t_people" VALUES ('F777E1CD08024AB0853CFBD944044623', '13000000191');
INSERT INTO "public"."t_people" VALUES ('F4983C5109514F0DA824CEF0C94EDF2C', '13000000190');
INSERT INTO "public"."t_people" VALUES ('3480855D8FDD4D169EE28292394B0D59', '13000000189');
INSERT INTO "public"."t_people" VALUES ('2433EBC69CF448FF85C65B53220044CB', '13000000188');
INSERT INTO "public"."t_people" VALUES ('FDA72C7042B24AEA9625FD0D839040CE', '13000000187');
INSERT INTO "public"."t_people" VALUES ('F946AEDEE89542469BB22B0424E71EDF', '13000000186');
INSERT INTO "public"."t_people" VALUES ('F329CFC4564D477DB5C8B1217505D632', '13000000185');
INSERT INTO "public"."t_people" VALUES ('D16115FCDD6245E6A40665AF8D20F425', '13000000184');
INSERT INTO "public"."t_people" VALUES ('6D22472F80F742FD890E3F12A104ED7B', '13000000183');
INSERT INTO "public"."t_people" VALUES ('738283152C0045EE8C01EA5DB5CD6679', '13000000182');
INSERT INTO "public"."t_people" VALUES ('E99CC922127E41449BB7F4B1D6ADBFAA', '13000000181');
INSERT INTO "public"."t_people" VALUES ('419B9184AC034113B4991CA037E420E5', '13000000180');
INSERT INTO "public"."t_people" VALUES ('9728BD0D203D4D5C92B5671F450D1B94', '13000000179');
INSERT INTO "public"."t_people" VALUES ('5C64ACDF86054887A9425DAFCA85E76A', '13000000178');
INSERT INTO "public"."t_people" VALUES ('E1363F8EA2E34C17A7FC80F23BE35BC4', '13000000177');
INSERT INTO "public"."t_people" VALUES ('00EF3B8F73A34D6086784FDC27E62553', '13000000176');
INSERT INTO "public"."t_people" VALUES ('91336088C63C4DFCA41BDF04A8A87822', '13000000175');
INSERT INTO "public"."t_people" VALUES ('1AE34FF85D8C47E89A1CA67729B5D84E', '13000000174');
INSERT INTO "public"."t_people" VALUES ('6E2C3EF15B50403ABE5E0F19BD18C6BB', '13000000173');
INSERT INTO "public"."t_people" VALUES ('01AF6AB74C664D328D4D374BAED39F22', '13000000172');
INSERT INTO "public"."t_people" VALUES ('5CCECEEC50CF446B9BD83D125BDDE8C8', '13000000171');
INSERT INTO "public"."t_people" VALUES ('E08588EA43444E65A423A35D2723A2CC', '13000000170');
INSERT INTO "public"."t_people" VALUES ('429F38625CA342398AB28E5EBEC6CE77', '13000000169');
INSERT INTO "public"."t_people" VALUES ('063E94DF9FAD4112BDBAF10E53664623', '13000000168');
INSERT INTO "public"."t_people" VALUES ('B81F04B0DE37438C9249287C5935B5DC', '13000000167');
INSERT INTO "public"."t_people" VALUES ('15C0B9EF8C3F40EAA1B127116AB7F954', '13000000166');
INSERT INTO "public"."t_people" VALUES ('5DCA655E4C0643ABA71CA150EDE387B4', '13000000165');
INSERT INTO "public"."t_people" VALUES ('CF4CD529281E4E77A3B1EF1836D73863', '13000000164');
INSERT INTO "public"."t_people" VALUES ('1B63EFFBA1E94E47888EDD93F10D19B2', '13000000163');
INSERT INTO "public"."t_people" VALUES ('2098AC5D8CAE4803803A9A1589D8938B', '13000000162');
INSERT INTO "public"."t_people" VALUES ('EF09888F7B9E4008897A35EFE26098B6', '13000000161');
INSERT INTO "public"."t_people" VALUES ('4A33BB668ADB4444BCBC054A69967CBE', '13000000160');
INSERT INTO "public"."t_people" VALUES ('479F12E95C274B38AA53DB8EBD6E98A9', '13000000159');
INSERT INTO "public"."t_people" VALUES ('87BC67F12B044392A9398B0714A7809C', '13000000158');
INSERT INTO "public"."t_people" VALUES ('3C4A6CC331CE4C2E82C70858C685F1D7', '13000000157');
INSERT INTO "public"."t_people" VALUES ('C0B3B891D838450E98DEB845187EFE88', '13000000156');
INSERT INTO "public"."t_people" VALUES ('F1095F6B67284F0694B8A2F7F2EFFF0B', '13000000155');
INSERT INTO "public"."t_people" VALUES ('B9C51878F52E4D18A6E7D51BA5C7BEBA', '13000000154');
INSERT INTO "public"."t_people" VALUES ('D6971E20ECEE4A51A3275E091E686D7A', '13000000153');
INSERT INTO "public"."t_people" VALUES ('2E44A0A590BA4F1D9AE41A1C97F9D92F', '13000000152');
INSERT INTO "public"."t_people" VALUES ('728C7AF55EA744A7943E55BCAF6358FB', '13000000151');
INSERT INTO "public"."t_people" VALUES ('D23C8CBBB494435EAB190BE32F71EE49', '13000000150');
INSERT INTO "public"."t_people" VALUES ('7BDE812EA4224DF09E93B9642FDBEAE8', '13000000149');
INSERT INTO "public"."t_people" VALUES ('483A0F34FCDA4B4F90073FE035300B6B', '13000000148');
INSERT INTO "public"."t_people" VALUES ('96CDBE4B003443FEB6E9148B6E0F839F', '13000000147');
INSERT INTO "public"."t_people" VALUES ('6E60422B3CBA4BC8B2FB05008DC16D6F', '13000000146');
INSERT INTO "public"."t_people" VALUES ('80DA40540CD1458DA3338077FF45AE18', '13000000145');
INSERT INTO "public"."t_people" VALUES ('C64EBAF6F32B4E44992F420BBC440A1F', '13000000144');
INSERT INTO "public"."t_people" VALUES ('E19F85A2138144F98FDD71DD872664AF', '13000000143');
INSERT INTO "public"."t_people" VALUES ('986EDE6674AB4BE49589A5B01FDDDE47', '13000000142');
INSERT INTO "public"."t_people" VALUES ('CC39EC6C927148678B4485F00F6B3E0F', '13000000141');
INSERT INTO "public"."t_people" VALUES ('678D0F5433704E8894139DB1BCFC83F2', '13000000140');
INSERT INTO "public"."t_people" VALUES ('C78BC19EB4DB4355B1EF72F453CA426F', '13000000139');
INSERT INTO "public"."t_people" VALUES ('74863613399348169FB8A108F0AA7593', '13000000138');
INSERT INTO "public"."t_people" VALUES ('94296404FD764BC3A6E8C1BCE382F29F', '13000000137');
INSERT INTO "public"."t_people" VALUES ('8AF41218293D436BBD43811E4141DC82', '13000000136');
INSERT INTO "public"."t_people" VALUES ('08B28D02C7A34F64AC8EB0FB928897A4', '13000000135');
INSERT INTO "public"."t_people" VALUES ('42043C5070794A979ED4B4303D47490F', '13000000134');
INSERT INTO "public"."t_people" VALUES ('BBCAFFD99B204004B595A4D0A87E07C9', '13000000133');
INSERT INTO "public"."t_people" VALUES ('577029B327A241D197B925E17049B8BA', '13000000132');
INSERT INTO "public"."t_people" VALUES ('DA955D85B32C4220AAF0373CF7DAD91B', '13000000131');
INSERT INTO "public"."t_people" VALUES ('223C7C2FA6B74D728D35704E67105939', '13000000130');
INSERT INTO "public"."t_people" VALUES ('166A06B547CE4D3E921EFF5295A00EE9', '13000000129');
INSERT INTO "public"."t_people" VALUES ('E8C39AF549C04860B2FDB1B61CCF2211', '13000000128');
INSERT INTO "public"."t_people" VALUES ('54FEB6A3D4294F99A3DD46C9D815CEC2', '13000000127');
INSERT INTO "public"."t_people" VALUES ('B78ED50948484CABA4226FD317AE71B5', '13000000126');
INSERT INTO "public"."t_people" VALUES ('0E6B22B2261C4F33B7EBAAB74F932040', '13000000125');
INSERT INTO "public"."t_people" VALUES ('B852B20E22FE4798B8E2BE1487B13B1D', '13000000124');
INSERT INTO "public"."t_people" VALUES ('4CFFFA2CB0EE46CD99DA71198AAC5A67', '13000000123');
INSERT INTO "public"."t_people" VALUES ('3A920E8DC6A2432992E2EC79E0C8EE02', '13000000122');
INSERT INTO "public"."t_people" VALUES ('75E938F3802D4776A6AEBBD91E01A890', '13000000121');
INSERT INTO "public"."t_people" VALUES ('9BA824CAEF8749B79557B17C7BC881F3', '13000000120');
INSERT INTO "public"."t_people" VALUES ('8D5B088005564AA1BB891AAE1964935B', '13000000119');
INSERT INTO "public"."t_people" VALUES ('A6B0725FF8CD4D53B9104C32060F5E46', '13000000118');
INSERT INTO "public"."t_people" VALUES ('C003ABC463244B6B8F3FF151083618BC', '13000000117');
INSERT INTO "public"."t_people" VALUES ('D8F444CB907A4A6BB1F7D2990CDCBF3B', '13000000116');
INSERT INTO "public"."t_people" VALUES ('5081A232245145CBA656115B168599D0', '13000000115');
INSERT INTO "public"."t_people" VALUES ('77F8239B9D004B47A0F91AE39EA03D27', '13000000114');
INSERT INTO "public"."t_people" VALUES ('2B7309D2B36E4EF68A53E581D457B9EF', '13000000113');
INSERT INTO "public"."t_people" VALUES ('FC92459739EF468A9FE60F29F50362AC', '13000000112');
INSERT INTO "public"."t_people" VALUES ('B7DF16F47BDC4AE5823D388648059F0E', '13000000111');
INSERT INTO "public"."t_people" VALUES ('25FCDC0F453F4B15BE0D3F1C8B724151', '13000000110');
INSERT INTO "public"."t_people" VALUES ('C116EE77B6A54A75A92E8546982A6177', '13000000109');
INSERT INTO "public"."t_people" VALUES ('A2ED7BAC6CCF483E9EEB74FF3B7ECBC9', '13000000108');
INSERT INTO "public"."t_people" VALUES ('9097B01785C94EFBBF37F371042751B7', '13000000107');
INSERT INTO "public"."t_people" VALUES ('1C9BAEDF56BB47F280CD9AB42FC9A6EB', '13000000106');
INSERT INTO "public"."t_people" VALUES ('717FA4B7EA7A43E888D960E71FA3FC88', '13000000105');
INSERT INTO "public"."t_people" VALUES ('1BBE8B3ACB814C5EA6ACFA667F7E5AD9', '13000000104');
INSERT INTO "public"."t_people" VALUES ('F4B2F778E3E64373AD31F9FEFF3DA17E', '13000000103');
INSERT INTO "public"."t_people" VALUES ('49FD1C5A3B8B4A01859D0DA1192CA049', '13000000102');

-- ----------------------------
-- Table structure for t_privilege
-- ----------------------------
DROP TABLE IF EXISTS "public"."t_privilege";
CREATE TABLE "public"."t_privilege" (
  "master_type" varchar(45) COLLATE "pg_catalog"."default",
  "master_id" varchar(32) COLLATE "pg_catalog"."default",
  "access_type" varchar(45) COLLATE "pg_catalog"."default",
  "access_id" varchar(32) COLLATE "pg_catalog"."default",
  "is_operatation" bool,
  "app_id" varchar(32) COLLATE "pg_catalog"."default"
)
;
COMMENT ON COLUMN "public"."t_privilege"."master_type" IS '权限主体 ROLE 角色 USER 用户 ';
COMMENT ON COLUMN "public"."t_privilege"."master_id" IS '主体ID';
COMMENT ON COLUMN "public"."t_privilege"."access_type" IS '权限访问类型 MENU 菜单, MODULE 模块';
COMMENT ON COLUMN "public"."t_privilege"."access_id" IS '权限访问id menu_id或者button_id或者module_id';
COMMENT ON COLUMN "public"."t_privilege"."is_operatation" IS '禁止使用 默认false';
COMMENT ON COLUMN "public"."t_privilege"."app_id" IS '应用ID';
COMMENT ON TABLE "public"."t_privilege" IS '实体对象
权限管理表';

-- ----------------------------
-- Table structure for t_role
-- ----------------------------
DROP TABLE IF EXISTS "public"."t_role";
CREATE TABLE "public"."t_role" (
  "id" varchar(32) COLLATE "pg_catalog"."default" NOT NULL,
  "name" varchar(45) COLLATE "pg_catalog"."default",
  "description" varchar(200) COLLATE "pg_catalog"."default"
)
;
COMMENT ON TABLE "public"."t_role" IS '实体对象
角色';

-- ----------------------------
-- Records of t_role
-- ----------------------------
INSERT INTO "public"."t_role" VALUES ('6DDB7028E0DC44129F2BC9C5B9CEF8BD', '超级管理员', '最顶级的管理员');

-- ----------------------------
-- Primary Key structure for table t_app
-- ----------------------------
ALTER TABLE "public"."t_app" ADD CONSTRAINT "pk_t_app" PRIMARY KEY ("id");

-- ----------------------------
-- Primary Key structure for table t_menu
-- ----------------------------
ALTER TABLE "public"."t_menu" ADD CONSTRAINT "pk_t_menu" PRIMARY KEY ("id");

-- ----------------------------
-- Primary Key structure for table t_module
-- ----------------------------
ALTER TABLE "public"."t_module" ADD CONSTRAINT "pk_t_module" PRIMARY KEY ("id");

-- ----------------------------
-- Primary Key structure for table t_operator
-- ----------------------------
ALTER TABLE "public"."t_operator" ADD CONSTRAINT "pk_t_operator" PRIMARY KEY ("id");

-- ----------------------------
-- Primary Key structure for table t_operator_role
-- ----------------------------
ALTER TABLE "public"."t_operator_role" ADD CONSTRAINT "pk_t_operator_role" PRIMARY KEY ("role_id");

-- ----------------------------
-- Primary Key structure for table t_organization
-- ----------------------------
ALTER TABLE "public"."t_organization" ADD CONSTRAINT "pk_t_organization" PRIMARY KEY ("id");

-- ----------------------------
-- Primary Key structure for table t_people
-- ----------------------------
ALTER TABLE "public"."t_people" ADD CONSTRAINT "pk_t_people" PRIMARY KEY ("id");

-- ----------------------------
-- Primary Key structure for table t_role
-- ----------------------------
ALTER TABLE "public"."t_role" ADD CONSTRAINT "pk_t_role" PRIMARY KEY ("id");
